Direction,tCount,headX,headY,headZ,trunkX,trunkY,trunkZ
DownLeft,1,0,0,0,0,0,0
DownLeft,1,0.01062942,-0.04879761,-0.009185791,0.01083374,-0.009063721,-0.009277344
DownLeft,1,0.009322166,-0.05117798,0.0105896,0.01992798,-0.01031494,0.001678467
DownLeft,1,0.01995552,-0.03994751,0.001312256,-0.0008239746,0.008880615,0.01010132
DownLeft,1,0.02993375,-0.0199585,0.001983643,0,0.009979248,0
DownLeft,1,0.01799536,-0.01351929,0.03097534,0.0008239746,0.01107788,-0.01013184
DownLeft,1,0.04727572,-0.03469849,0.0428772,-0.037323,0.0006103516,0.08834839
DownLeft,1,0.1004339,-0.1087036,-0.003265381,-0.01409912,0.03466797,0.04962158
DownLeft,1,0.1362621,-0.2579346,-0.090271,-0.02734375,0.01046753,0.08917236
DownLeft,1,0.178796,-0.3231812,-0.1271362,0.00668335,-0.02450562,0.04122925
DownLeft,1,0.2134665,-0.3726196,-0.04544067,-0.01409912,-0.05532837,0.0496521
DownLeft,1,0.2375172,-0.4632568,0.04550171,0.0008239746,-0.08892822,-0.01013184
DownLeft,1,0.2542108,-0.5792236,0.09622192,0.002471924,-0.09674072,-0.03027344
DownLeft,1,0.304103,-0.8091125,0.09951782,-0.03570557,-0.1340027,-0.05383301
DownLeft,1,0.3971691,-1.083038,0.05603027,-0.06228638,-0.2124329,0.02523804
DownLeft,1,0.3652758,-1.32666,0.08370972,-0.04730225,-0.2860413,-0.03448486
DownLeft,1,0.3906534,-1.554932,0.1548462,-0.04647827,-0.3249207,-0.0446167
DownLeft,1,0.5383784,-1.76828,0.1943359,-0.07470703,-0.3922729,-0.06732178
DownLeft,1,0.7041191,-2.025116,0.26474,-0.09716797,-0.4752808,-0.03869629
DownLeft,1,0.8112925,-2.269653,0.3114319,-0.1170959,-0.5350037,-0.04040527
DownLeft,1,0.9503447,-2.540558,0.3304749,-0.1287231,-0.5670166,-0.02105713
DownLeft,1,1.066211,-2.797424,0.397522,-0.1287231,-0.6770325,-0.02105713
DownLeft,1,1.261917,-3.054138,0.4697876,-0.1494751,-0.7378235,-0.01263428
DownLeft,1,1.459561,-3.387177,0.5123901,-0.151123,-0.8300171,0.007568359
DownLeft,1,1.720295,-3.754059,0.5096436,-1.510376,-1.282318,0.9319458
DownLeft,1,2.114951,-4.131134,0.6046753,-1.562622,-1.334839,0.9582214
DownLeft,1,2.823205,-4.657501,0.8088989,-0.2084351,-1.079071,0.09423828
DownLeft,1,3.366968,-4.994598,0.9231873,-0.2076111,-1.138,0.08413696
DownLeft,1,3.570828,-5.274414,1.025116,-0.2507324,-1.221802,0.1211853
DownLeft,1,3.824605,-5.593872,1.130219,-0.2391357,-1.229736,0.1018066
DownLeft,1,4.26927,-6.009796,1.227875,-0.2938232,-1.318848,0.2802429
DownLeft,1,4.649742,-6.305054,1.232819,-1.409027,-1.703339,1.297119
DownLeft,1,4.859933,-6.622528,1.236603,-1.027893,-1.584503,0.9211426
DownLeft,1,4.911087,-6.989746,1.220276,-0.47052,-1.449493,0.4790649
DownLeft,1,5.221071,-7.286407,1.230591,-0.3716736,-1.462097,0.4974976
DownLeft,1,5.65702,-7.629303,1.307983,-0.39328,-1.514008,0.5160217
DownLeft,1,6.212106,-7.97226,1.402893,-0.4115295,-1.601532,0.4941711
DownLeft,1,6.775938,-8.387177,1.517853,-0.4331055,-1.653381,0.5126953
DownLeft,1,7.389694,-8.891296,1.635986,-0.8886108,-1.843231,0.8105469
DownLeft,1,7.964786,-9.412994,1.731995,-0.6322632,-1.793762,0.6181335
DownLeft,1,8.620956,-9.950989,1.813782,-0.4156189,-1.697021,0.5446777
DownLeft,1,9.35329,-10.42496,1.958954,-0.3837585,-1.611969,0.7711487
DownLeft,1,10.01702,-10.95673,2.080109,-0.377594,-1.591064,0.9445801
DownLeft,1,10.55347,-11.4848,2.154083,-0.3641357,-1.570221,1.027039
DownLeft,1,10.68832,-12.02289,2.240509,-0.3600159,-1.536102,1.352844
DownLeft,1,11.01522,-12.57339,2.30072,-0.3521423,-1.543091,1.506104
DownLeft,1,11.42741,-13.20154,2.279358,-1.804504,-2.650696,2.376282
DownLeft,1,11.75159,-13.86703,2.223358,-2.000763,-2.778198,4.044067
DownLeft,1,12.13871,-14.53522,2.123352,-2.195862,-2.99292,3.835052
DownLeft,1,12.56881,-15.59634,1.978271,-2.267761,-3.110382,3.992798
DownLeft,1,12.82703,-16.20471,2.014984,-2.137634,-3.342865,4.268219
DownLeft,1,13.23982,-16.83057,1.985016,-2.174347,-3.354523,4.632843
DownLeft,1,13.77682,-17.45517,2.050415,-2.483002,-3.301361,-0.1911621
DownLeft,1,14.58567,-18.0495,2.0961,-2.609558,-3.389191,-0.8457031
DownLeft,1,15.39694,-18.65787,2.104034,-2.186523,-3.533447,-0.01257324
DownLeft,1,16.32406,-19.32037,2.024994,-2.285034,-3.614166,0.4588623
DownLeft,1,17.07033,-19.92801,1.953461,-2.506805,-3.688904,1.604553
DownLeft,1,17.5922,-20.55002,1.943024,-2.575531,-3.753632,2.099426
DownLeft,1,18.52556,-21.11664,1.924652,-2.595306,-3.683044,4.907257
DownLeft,1,19.47182,-21.7948,1.708862,-2.610657,-3.757629,5.120636
DownLeft,1,19.83646,-22.43338,1.498657,-2.62793,-3.869202,5.221466
DownLeft,1,20.24361,-23.08542,1.254242,-2.647339,-3.994293,5.352844
DownLeft,1,20.75126,-23.82291,1.00885,-2.701721,-4.274261,3.090576
DownLeft,1,21.29934,-24.36777,0.9096069,-2.733917,-4.367157,3.118683
DownLeft,1,21.81944,-24.95901,0.7804871,-2.752319,-4.479584,3.229645
DownLeft,1,22.37816,-25.56094,0.6741333,-2.772217,-4.554352,3.360901
DownLeft,1,22.97904,-26.15643,0.3928223,-2.822845,-4.614624,3.367126
DownLeft,1,23.50247,-26.71909,0.2194824,-2.871185,-4.681488,3.342865
DownLeft,1,24.083,-27.26483,-0.05160522,-2.839966,-4.539215,5.665527
DownLeft,1,24.72489,-27.81412,-0.1938171,-2.902679,-4.699066,4.720398
DownLeft,1,25.56485,-28.34714,-0.2985535,-2.987946,-4.841797,3.967529
DownLeft,1,26.36425,-29.0014,-0.395752,-3.023712,-4.988586,3.504639
DownLeft,1,27.16696,-29.55728,-0.5375671,-3.065948,-5.086212,3.399017
DownLeft,1,27.98774,-30.20496,-0.9272766,-3.130371,-5.196899,3.322357
DownLeft,1,28.1901,-30.82092,-1.224762,-3.038757,-5.196869,3.840881
DownLeft,1,28.08755,-31.21298,-1.467682,-3.041565,-5.286713,4.014496
DownLeft,1,28.23528,-31.57034,-1.565247,-3.08371,-5.359497,4.04187
DownLeft,1,28.19646,-32.23129,-1.71817,-3.13031,-5.41922,4.13031
DownLeft,2,0,0,0,0,0,0
DownLeft,2,0.03253055,-0.1113281,0.1017456,-0.05062866,-0.02035522,0.005981445
DownLeft,2,0.07432127,-0.2437744,0.2141113,-0.08050537,-0.03988647,0.003509521
DownLeft,2,0.1090908,-0.3416748,0.2861633,-0.1112366,-0.06054688,0.01107788
DownLeft,2,0.1538415,-0.469574,0.3589783,-0.1468506,-0.06781006,0.07937622
DownLeft,2,0.2085756,-0.5874634,0.4325256,-0.1543884,-0.06433105,0.04821777
DownLeft,2,0.2555279,-0.6419373,0.475708,-0.1767578,-0.03735352,0.07687378
DownLeft,2,0.3110063,-0.7086487,0.5393372,-0.1775818,-0.02844238,0.08700562
DownLeft,2,0.3764656,-0.7653503,0.6036987,-0.1344604,0.005340576,0.04986572
DownLeft,2,0.4348575,-0.7974854,0.6278076,-0.1253052,0.02407837,0.06082153
DownLeft,2,0.5146421,-0.8272705,0.633667,-0.1369019,0.06204224,0.0802002
DownLeft,2,0.5452839,-0.8360901,0.6260376,-0.16922,0.04919434,0.1080322
DownLeft,2,0.5737547,-0.8182983,0.6479492,-0.1991272,0.05963135,0.1055603
DownLeft,2,0.6307014,-0.8027039,0.691803,-0.2091064,0.0697937,0.1047058
DownLeft,2,0.7596322,-0.8435059,0.7111511,-0.2398071,0.05914307,0.1123352
DownLeft,2,0.8863937,-0.9676819,0.7601318,-0.2565002,0.04385376,0.07025146
DownLeft,2,1.132842,-1.211487,0.8178406,-0.2739868,0.01748657,0.03823853
DownLeft,2,1.439138,-1.494995,0.8798523,-0.2831116,0.008758545,0.02728271
DownLeft,2,1.770337,-1.886292,1.01297,-0.2906799,-0.02780151,-0.00390625
DownLeft,2,2.167109,-2.344086,1.209991,-0.2798767,-0.04684448,-0.01315308
DownLeft,2,2.574639,-2.920563,1.397705,-1.683167,-0.5535889,1.492065
DownLeft,2,2.831214,-3.559998,1.593994,-1.725433,-0.6062927,1.519257
DownLeft,2,3.243959,-4.244324,1.850616,-1.751617,-0.6549988,1.598816
DownLeft,2,3.650338,-5.002716,2.057129,-1.765533,-0.6904907,1.648743
DownLeft,2,3.962881,-5.698608,2.315765,-1.006409,-0.4907532,0.7924805
DownLeft,2,4.463726,-6.455505,2.607086,-0.5275879,-0.3820801,0.3225708
DownLeft,2,5.043406,-7.226288,2.775757,-0.2664795,-0.3359985,0.06939697
DownLeft,2,5.530646,-8.082214,2.97699,-1.437012,-0.7390137,1.165161
DownLeft,2,6.240803,-8.889893,3.144562,-0.544281,-0.4573669,0.2804565
DownLeft,2,6.800689,-9.679749,3.311188,-0.490387,-0.462616,0.2340088
DownLeft,2,7.3061,-10.48819,3.542145,-0.5604553,-0.4395447,0.4828186
DownLeft,2,7.977252,-11.25168,3.842896,-0.5897217,-0.3861084,0.724884
DownLeft,2,8.953759,-12.0202,4.076721,-0.5750122,-0.2877808,0.9196167
DownLeft,2,10.11449,-12.82663,4.255188,-1.434753,-0.8288879,1.5224
DownLeft,2,11.28039,-13.60925,4.656799,-2.080963,-1.233551,3.983032
DownLeft,2,12.38628,-14.35321,4.908447,-2.472473,-1.365204,3.850861
DownLeft,2,13.04078,-15.0289,5.166687,-2.585876,-1.429138,3.893311
DownLeft,2,14.0596,-15.63742,5.37323,-2.515564,-1.48761,4.307678
DownLeft,2,15.14333,-16.14352,5.507721,-2.597504,-1.874268,3.503815
DownLeft,2,15.82116,-16.70056,5.718964,-2.879761,-2.166626,2.847504
DownLeft,2,16.4572,-17.31174,5.802765,-2.881165,-1.964142,3.000885
DownLeft,2,16.9292,-17.92484,5.788971,-3.212616,-1.717651,-0.5986633
DownLeft,2,17.44415,-18.82004,5.578339,-3.29071,-1.766907,-0.8716736
DownLeft,2,18.23363,-19.99762,5.160461,-3.076508,-1.897766,0.8358765
DownLeft,2,19.2102,-21.104,4.949371,-2.792236,-1.949554,0.2865601
DownLeft,2,19.87317,-22.28641,4.782379,-3.199646,-2.016449,2.433136
DownLeft,2,20.43388,-23.44601,4.646301,-3.256744,-2.083069,3.196564
DownLeft,2,21.12619,-24.49704,4.493317,-3.294281,-2.09317,3.982239
DownLeft,2,21.53673,-25.03116,4.356354,-3.195435,-1.967194,5.126373
DownLeft,2,22.27159,-26.05396,4.171234,-3.187561,-1.951324,5.587708
DownLeft,2,23.07552,-26.99506,3.861664,-3.161041,-1.934662,5.78421
DownLeft,2,23.75865,-27.78152,3.562714,-3.301971,-2.197571,3.674377
DownLeft,2,24.25985,-28.51889,3.287048,-3.244629,-2.176819,3.576447
DownLeft,2,24.66811,-29.2157,3.051086,-3.257111,-2.214813,3.473083
DownLeft,2,25.05247,-29.79068,2.870026,-3.290771,-2.260071,3.521637
DownLeft,2,25.53929,-30.45572,2.66156,-3.306702,-2.289246,3.602356
DownLeft,2,25.76709,-31.1413,2.429779,-3.334869,-2.321686,3.71283
DownLeft,2,25.99941,-31.61679,2.273682,-3.343323,-2.339142,3.691681
DownLeft,2,26.21535,-32.21643,2.069519,-3.362946,-2.354156,3.823334
DownLeft,3,0,0,0,0,0,0
DownLeft,3,0.07754254,-0.003143311,0.0355835,-0.02151489,-0.01196289,0.01858521
DownLeft,3,0.07605577,-0.04544067,0.05532837,-0.05221558,-0.02264404,0.02630615
DownLeft,3,0.123687,-0.1086731,0.08865356,-0.05221558,-0.02264404,0.02630615
DownLeft,3,0.2418642,-0.1905518,0.1173706,-0.07452393,-0.03567505,0.05505371
DownLeft,3,0.3323543,-0.2590332,0.1142883,-0.09841919,-0.04098511,0.1039734
DownLeft,3,0.4099038,-0.3421631,0.1498413,-0.1367188,-0.04818726,0.08056641
DownLeft,3,0.5542989,-0.489502,0.230072,-0.166626,-0.06771851,0.078125
DownLeft,3,0.6802437,-0.6147156,0.289032,-0.1957092,-0.1161499,0.06558228
DownLeft,3,0.9243791,-0.831604,0.3766785,-0.204895,-0.1348877,0.05465698
DownLeft,3,1.314447,-1.17337,0.5245972,-0.1765747,-0.2075806,0.07733154
DownLeft,3,1.792113,-1.61795,0.7085571,-0.2151489,-0.27948,0.1861877
DownLeft,3,2.533306,-2.199738,0.9907837,-0.2135925,-0.3172607,0.1659851
DownLeft,3,3.389301,-2.918152,1.349823,-0.2127991,-0.3461304,0.1558228
DownLeft,3,4.292543,-3.763794,1.613251,-0.5773926,-0.496521,0.9822083
DownLeft,3,5.431659,-4.705658,1.80542,-0.964386,-0.6833801,1.859039
DownLeft,3,6.170477,-5.642853,1.987396,-0.7714844,-0.7003479,1.292999
DownLeft,3,6.86526,-6.596924,2.224487,-1.210968,-0.9330444,2.482544
DownLeft,3,7.861206,-7.406555,2.317841,-1.31839,-1.021271,2.99472
DownLeft,3,8.656984,-8.158997,2.406372,-1.329803,-1.083435,3.014252
DownLeft,3,9.613017,-9.036804,2.497437,-1.37796,-1.18219,3.265747
DownLeft,3,10.50408,-9.88623,2.516205,-1.322998,-1.224762,3.198425
DownLeft,3,11.21284,-10.73257,2.560394,-1.421509,-1.347443,3.313507
DownLeft,3,12.13309,-11.61047,2.592255,-1.348541,-1.33728,3.135284
DownLeft,3,13.19401,-12.58499,2.481689,-1.535156,-1.431427,3.78476
DownLeft,3,14.7146,-13.67087,2.121429,-1.563599,-1.451965,3.619324
DownLeft,3,16.20115,-14.88364,1.686951,-1.246826,-1.341858,2.561432
DownLeft,3,16.96816,-16.15643,1.225311,-1.650421,-1.58075,3.010498
DownLeft,3,17.96069,-17.29153,0.7093201,-1.250427,-1.466034,2.3367
DownLeft,3,19.04819,-18.41965,0.2722168,-1.220123,-1.465149,3.022522
DownLeft,3,19.21469,-19.36649,0.06826782,-1.383209,-1.646973,3.479645
DownLeft,3,19.40343,-20.23898,-0.1619873,-2.218689,-1.977692,6.166992
DownLeft,3,19.77221,-21.18839,-0.5085449,-2.371429,-2.075012,6.821075
DownLeft,3,20.09682,-22.10623,-0.8015442,-2.357788,-2.085938,7.077606
DownLeft,3,20.35575,-22.78125,-0.9005737,-2.348511,-2.145569,7.405396
DownLeft,3,20.55109,-23.69354,-1.205109,-1.50824,-1.149841,5.134033
DownLeft,3,20.90453,-24.5867,-1.598419,-2.294403,-2.290894,5.947083
DownLeft,3,21.21747,-25.28775,-1.862122,-2.549896,-2.5979,6.021362
DownLeft,3,21.58324,-25.86697,-2.034607,-2.73288,-2.717834,6.366791
DownLeft,3,22.10681,-26.45157,-2.171631,-3.915741,-4.122253,3.279114
DownLeft,3,22.7905,-26.95721,-2.300781,-3.766571,-4.082245,3.864746
DownLeft,3,23.58449,-27.38528,-2.426453,-3.28241,-3.084564,1.073212
DownLeft,3,24.39714,-27.92749,-2.651947,-3.36322,-2.947266,-0.2243042
DownLeft,3,25.26556,-28.35083,-2.821899,-3.059296,-3.123688,3.221039
DownLeft,3,26.03815,-28.74637,-3.15976,-3.047607,-3.17041,3.621307
DownLeft,3,26.39807,-29.26007,-3.485748,-3.028473,-3.2323,4.063019
DownLeft,3,26.87268,-29.62402,-3.741302,-2.966339,-3.143066,6.258575
DownLeft,3,27.2156,-29.96841,-3.983002,-2.959076,-3.151642,7.078094
DownLeft,3,27.00084,-30.11484,-4.055115,-2.957794,-3.199158,7.057709
DownLeft,3,27.10617,-30.11472,-3.995819,-2.947754,-3.355804,6.280334
DownLeft,3,27.16421,-30.12378,-3.970276,-2.949127,-3.467804,5.543121
DownLeft,3,27.00692,-29.90915,-3.782074,-2.96637,-3.492645,5.500916
DownLeft,3,26.95489,-29.77011,-3.647308,-2.979065,-3.507294,5.541016
DownLeft,3,26.77172,-29.76651,-3.62149,-3.010803,-3.512177,5.415894
DownLeft,3,26.63586,-29.68372,-3.56192,-3.037323,-3.475647,5.362793
DownLeft,3,26.53737,-29.56235,-3.469879,-3.055176,-3.46167,5.330811
DownLeft,3,26.39992,-29.43198,-3.391541,-3.138062,-3.50296,4.925507
DownLeft,3,26.18472,-29.17767,-3.227905,-3.151062,-3.480621,4.822113
DownLeft,3,25.98982,-28.68661,-2.948883,-3.146179,-3.43222,4.750763
DownLeft,3,25.7238,-28.15158,-2.658661,-3.157074,-3.386322,4.616821
DownLeft,3,25.31339,-27.67645,-2.440094,-3.130127,-3.294708,4.516388
DownLeft,3,24.87318,-27.11221,-2.223938,-3.127197,-3.0961,5.960663
DownLeft,3,24.51485,-26.36548,-1.903992,-3.443451,-3.276917,2.15683
DownLeft,3,23.99275,-25.55325,-1.543701,-2.959473,-3.026794,2.808838
DownLeft,3,23.31923,-24.54623,-1.046326,-2.438568,-2.718689,2.265656
DownLeft,3,22.66219,-23.39749,-0.6205444,-3.364349,-2.836212,0.8309937
DownLeft,3,21.87675,-22.30139,-0.2145386,-4.368988,-3.869141,1.653046
DownLeft,3,21.00161,-21.24121,0.06237793,-4.943054,-4.639038,0.4866943
DownLeft,3,20.32328,-20.07999,0.2649536,-3.259338,-3.120636,4.066437
DownLeft,3,19.51693,-18.97952,0.4383545,-3.115417,-2.799194,3.872253
DownLeft,3,18.557,-17.91287,0.5235596,-2.474823,-1.665527,4.90155
DownLeft,3,17.80122,-16.68643,0.695343,-2.889771,-2.033691,6.007965
DownLeft,3,17.00218,-15.4892,0.7787781,-3.132965,-2.066742,5.294556
DownLeft,3,15.98799,-14.33612,0.9218445,-2.602997,-1.809174,4.431976
DownLeft,3,15.12259,-13.1084,1.088959,-2.568146,-1.761353,4.362946
DownLeft,3,14.29288,-11.86896,1.183655,-2.575256,-1.676422,4.321472
DownLeft,3,13.34353,-10.80087,1.269806,-2.506226,-1.501984,4.193573
DownLeft,3,12.29309,-9.829163,1.233398,-2.402985,-1.240936,4.006836
DownLeft,3,11.49115,-8.772156,1.227417,-2.360229,-1.196838,3.969086
DownLeft,3,10.74757,-7.80545,1.246094,-2.29541,-1.129547,3.902283
DownLeft,3,9.91855,-7.012268,1.200439,-2.226959,-1.016327,3.784668
DownLeft,3,9.142865,-6.127716,1.246887,-1.190216,-0.4387817,1.39267
DownLeft,3,8.432653,-5.25824,1.357574,-0.83078,-0.1098328,0.4932251
DownLeft,3,7.482413,-4.492401,1.46048,-0.7224731,-0.01901245,0.3898315
DownLeft,3,6.701715,-3.866943,1.44043,-1.619049,-0.3688965,2.992462
DownLeft,3,5.985093,-3.189178,1.503876,-1.783722,-0.449707,3.61322
DownLeft,3,5.145247,-2.751465,1.47049,-1.748871,-0.4585571,3.687286
DownLeft,3,4.494853,-2.047333,1.588959,-1.656952,-0.4064331,3.663483
DownLeft,3,3.798288,-1.07962,1.930695,-1.236481,-0.04724121,2.694824
DownLeft,3,2.99643,-0.3951721,2.207001,-0.4276428,0.3110046,0.7292786
DownLeft,3,2.564241,0.1998596,2.363098,-0.2964783,0.3894958,0.2000122
DownLeft,3,1.692505,0.8014832,2.498169,-0.2901611,0.3484802,0.1190186
DownLeft,3,0.7623234,1.236206,2.610199,-0.2865295,0.2793274,0.2008057
DownLeft,3,0.08499479,1.518555,2.691223,-1.097626,-0.02056885,2.715607
DownLeft,3,-0.8441166,1.793762,2.645966,-0.5049133,-0.06951904,0.5601196
DownLeft,3,-1.71545,2.116577,2.634644,-1.382599,-0.227356,3.051086
DownLeft,3,-2.350828,2.354523,2.689789,-1.261627,-0.2166443,2.080811
DownLeft,3,-2.837585,2.42804,2.626007,-0.9263611,-0.1260681,1.087128
DownLeft,3,-3.619415,2.529205,2.48172,-0.8126831,-0.1121826,0.7800903
DownLeft,3,-4.336975,2.791626,2.421509,-1.042969,-0.2646179,1.434814
DownLeft,3,-4.41748,2.970642,2.425903,-0.7221985,-0.1924744,0.7771301
DownLeft,3,-4.501007,3.021362,2.330109,-0.3911743,-0.06750488,-0.00112915
DownLeft,3,-4.435547,3.000519,2.2547,-0.3955688,-0.04946899,-0.07281494
DownLeft,3,-4.139282,2.851501,2.175629,-0.3692627,-0.03082275,-0.1521606
DownLeft,3,-4.006104,2.607056,2.135101,-0.4219666,0.01016235,-0.2481384
DownLeft,3,-3.966888,2.435852,2.147858,-0.4646301,-0.1589661,-0.3432922
DownLeft,3,-3.767395,2.205536,2.161926,-1.428497,-0.5290222,1.761749
DownLeft,3,-3.632629,1.987213,2.241302,-1.197113,-0.4840088,1.08609
DownLeft,3,-3.113708,1.240356,2.417358,-1.10733,-0.4505005,0.9606018
DownLeft,3,-2.876373,0.9867249,2.463898,-0.791687,-0.3716125,0.5065918
DownLeft,3,-2.845062,0.7790527,2.446198,-0.4135742,-0.2822266,-0.2270508
DownLeft,3,-2.726044,0.6078491,2.464447,-0.4287415,-0.2051697,-0.2893982
DownLeft,3,-2.358331,0.4655151,2.510132,-0.4335022,-0.1918945,-0.2286682
DownLeft,3,-2.089682,0.3144531,2.538879,-0.4789429,-0.1791382,-0.1611023
DownLeft,3,-1.971362,0.1721802,2.567078,-1.725433,-0.7155457,1.575165
DownLeft,3,-1.813133,0.04000854,2.597992,-0.6230774,-0.2220459,0.1430664
DownLeft,3,-1.744688,-0.09228516,2.622681,-0.4932251,-0.1993103,0.02114868
DownLeft,3,-1.823802,-0.1911926,2.607208,-0.8215942,-0.3711243,0.5041809
DownLeft,3,-1.84306,-0.2600098,2.595886,-0.6364441,-0.3511963,0.3152161
DownLeft,3,-1.835851,-0.2446899,2.6362,-1.572083,-0.7122803,1.536133
DownLeft,3,-1.837231,-0.2270203,2.655945,-1.893799,-0.8569946,1.950165
DownLeft,3,-1.896397,-0.2059021,2.641907,-1.92749,-0.8922729,1.998627
DownLeft,3,-1.886421,-0.1859131,2.642609,-1.221619,-0.6555786,1.012726
DownLeft,3,-1.846518,-0.1758423,2.645386,-1.521545,-0.7968445,1.397217
DownLeft,3,-1.846518,-0.1358948,2.645386,-0.6123352,-0.4510803,0.1337585
DownLeft,3,-1.856494,-0.1158752,2.644684,-0.5139465,-0.4201355,0.02963257
DownLeft,3,-1.846517,-0.0758667,2.645386,-0.4932251,-0.4293213,0.02114868
DownLeft,3,-1.785973,-0.05462646,2.639679,-0.5023804,-0.4280396,0.01019287
DownLeft,3,-1.762564,-0.04879761,2.591583,-0.5215454,-0.4365845,-0.001556396
DownLeft,3,-1.763254,-0.02993774,2.601471,-0.5055542,-0.5125427,0.05072021
DownLeft,3,-1.68345,0.0001220703,2.607056,-0.4672546,-0.5154114,0.07415771
DownLeft,3,-1.653523,-0.00982666,2.609161,-0.4528503,-0.4535522,0.146637
DownLeft,3,-1.602954,0.001373291,2.602753,-0.4567871,-0.4092102,0.1972351
DownLeft,3,-1.542409,-0.007385254,2.597076,-0.4683228,-0.3413086,0.2167053
DownLeft,3,-1.46053,0.04620361,2.572998,-0.4798584,-0.313385,0.236145
DownLeft,3,-1.411342,0.1351013,2.586365,-0.5021667,-0.3364563,0.2648926
DownLeft,3,-1.372131,0.1640015,2.59903,-0.5013733,-0.3853455,0.2547607
DownLeft,3,-1.283044,0.2129822,2.615234,-1.421082,-0.6922913,1.262238
DownLeft,3,-1.225953,0.2283936,2.658936,-1.927643,-0.8670959,1.865784
DownLeft,3,-1.177454,0.2161255,2.68219,-1.299103,-0.6558838,1.373871
DownLeft,3,-1.107625,0.1662598,2.687073,-1.126526,-0.579071,1.479248
DownLeft,3,-1.156123,0.1285095,2.663818,-1.121124,-0.5760803,1.540863
DownLeft,3,-1.215288,0.1195679,2.64975,-1.165466,-0.5974426,1.731201
DownLeft,3,-1.245214,0.1395264,2.647675,-0.587616,-0.407959,0.4618225
DownLeft,3,-1.265856,0.1583252,2.656158,-0.4714661,-0.3858337,0.2571716
DownLeft,3,-1.296472,0.1671143,2.66391,-0.4483948,-0.3916016,0.2183228
DownLeft,3,-1.295783,0.1682739,2.654053,-0.491394,-0.3654785,0.2555542
DownLeft,3,-1.415491,0.1680908,2.645691,-0.5220947,-0.3361511,0.2633057
DownLeft,3,-1.416179,0.1769714,2.655548,-0.5352173,-0.3105164,0.3029785
DownLeft,3,-1.406202,0.1969604,2.65625,-0.5346375,-0.3941956,0.425293
DownLeft,3,-1.435441,0.2080994,2.644287,-1.002319,-0.5540771,1.427795
DownLeft,3,-1.424775,0.2092896,2.635101,-1.364105,-0.6748657,2.246368
DownLeft,3,-1.384874,0.2093506,2.637909,-1.432129,-0.706665,2.353363
DownLeft,3,-1.324328,0.2205811,2.632172,-1.290985,-0.6498718,1.935699
DownLeft,3,-1.285117,0.2494507,2.644867,-1.356628,-0.6533203,2.144897
DownLeft,3,-1.163336,0.2231445,2.623596,-1.33194,-0.650116,1.67746
DownLeft,3,-1.072864,0.2044678,2.619995,-0.993866,-0.5264893,1.183746
DownLeft,3,-1.052222,0.1756897,2.611511,-0.6896362,-0.4397888,0.4841919
DownLeft,3,-1.015082,0.1011047,2.653809,-0.5735168,-0.3776245,0.279541
DownLeft,3,-0.854782,0.02258301,2.65509,-0.5627441,-0.3666687,0.2702026
DownLeft,3,-0.6958611,-0.228241,2.676147,-0.9315491,-0.4891663,0.760437
DownLeft,3,-0.3759522,-0.6163025,2.688629,-0.9753418,-0.5242004,0.8079224
DownLeft,3,0.09943342,-1.160736,2.771454,-1.291473,-0.7044373,1.272461
DownLeft,3,0.8479857,-2.024323,2.96225,-1.187134,-0.7041626,1.086884
DownLeft,3,1.9605,-3.827209,3.109039,-1.561279,-0.8963928,1.659515
DownLeft,3,2.953328,-5.639374,3.247375,-0.7164612,-0.5947876,0.4412537
DownLeft,3,4.254632,-7.496765,3.56427,-1.875336,-1.059631,1.972015
DownLeft,3,6.276399,-9.751251,3.901398,-0.724823,-0.6723938,0.4202271
DownLeft,3,8.679911,-12.21497,3.934814,-1.365662,-0.9554138,1.7258
DownLeft,3,11.09797,-14.69604,3.615814,-0.6359253,-0.7616272,0.05029297
DownLeft,3,12.81794,-17.04242,3.25235,-0.5965271,-0.7886353,-0.0687561
DownLeft,3,13.85285,-19.24933,3.081543,-0.4640808,-0.5441284,0.4207764
DownLeft,3,15.67516,-21.36823,2.841034,-1.82486,-1.387878,2.650055
DownLeft,3,17.12598,-23.19089,2.337433,-2.050323,-1.517426,4.124725
DownLeft,3,17.9066,-24.81134,1.954315,-0.9942932,-1.159546,0.1436157
DownLeft,3,18.55439,-26.1976,1.742859,-0.645874,-1.134766,0.4367371
DownLeft,3,19.01645,-27.6329,1.468811,-0.6908264,-1.325562,0.8917236
DownLeft,3,19.33132,-28.84885,1.154083,-1.83371,-1.755524,3.752472
DownLeft,3,19.91238,-29.50745,1.034821,-2.151306,-2.111755,4.423981
DownLeft,3,20.67916,-30.00467,0.9807739,-2.451202,-2.085327,5.741852
DownLeft,3,21.32271,-30.41135,0.9639587,-2.549225,-2.136658,6.011169
DownLeft,3,22.06099,-30.87473,0.8906555,-2.544617,-2.184875,6.246765
DownLeft,3,23.12461,-31.27228,0.7648315,-2.630432,-2.256195,6.179443
DownLeft,3,24.40732,-31.56717,0.6636047,-2.678314,-2.311737,6.145447
DownLeft,3,25.52352,-31.80054,0.5123596,-2.703796,-2.56366,4.731598
Left,1,0,0,0,0,0,0
Left,1,0.02923107,0.0388782,0.01196289,0,0.009979248,0
Left,1,0.1025435,0.04479074,-0.0324707,0.03070068,0.02059937,-0.00769043
Left,1,0.1438404,0.05717564,-0.04943848,0.05142212,0.03137207,-0.01617432
Left,1,0.1146157,0.03829455,-0.06143188,0.06140137,0.07119751,-0.01535034
Left,1,0.1160132,0.04061961,-0.08117676,0.0821228,0.08203125,-0.02386475
Left,1,0.1167142,0.05178118,-0.09106445,0.06298828,0.1134949,-0.03564453
Left,1,0.1266878,0.07179475,-0.09036255,0.07455444,0.1255188,-0.05508423
Left,1,0.1060389,0.07060266,-0.08190918,0.0753479,0.1266479,-0.06524658
Left,1,0.08539081,0.05941474,-0.07345581,0.07614136,0.1277466,-0.0753479
Left,1,0.08469009,0.04824948,-0.0635376,0.08691406,0.1187439,-0.08468628
Left,1,0.09396601,-0.03289366,-0.052948,0.08529663,0.1165161,-0.06442261
Left,1,0.06474018,-0.1117969,-0.06494141,0.0362854,0.148468,-0.0786438
Left,1,0.04269385,-0.1553105,-0.03671265,0.04623413,0.1582642,-0.07781982
Left,1,-0.06842768,-0.1877775,-0.02471924,0.04702759,0.1993713,-0.08795166
Left,1,-0.1083274,-0.2277976,-0.02755737,0.05700684,0.1992188,-0.08712769
Left,1,-0.2751106,-0.3333595,-0.07907104,0.07373047,0.2044373,-0.04495239
Left,1,-0.4618378,-0.4589013,-0.1320496,0.07293701,0.1932678,-0.03485107
Left,1,-0.5360268,-0.649629,-0.2168884,0.07214355,0.1421814,-0.02468872
Left,1,-0.660077,-1.020416,-0.3052673,0.08810425,0.06622314,0.02761841
Left,1,-0.6957486,-1.463531,-0.3674927,0.1080322,0.005889893,0.02926636
Left,1,-0.6964536,-2.044678,-0.357605,0.09646606,-0.05618286,0.04873657
Left,1,-0.8261248,-3.0047,-0.3668213,0.08810425,-0.1637878,0.02761841
Left,1,-0.834689,-4.2724,-0.3873596,0.1347351,-0.2190857,0.07229614
Left,1,-0.8931264,-5.440094,-0.4114075,0.1770325,-0.2763672,0.0451355
Left,1,-1.230743,-6.674011,-0.315979,-0.5298157,-0.6286011,1.008545
Left,1,-1.398773,-8.157898,-0.2083435,0.1682739,-0.4787292,0.1566162
Left,1,-1.549103,-9.759003,-0.2090149,0.13797,-0.6030273,0.2867737
Left,1,-1.838379,-11.30878,-0.2294922,0.2555847,-0.6835938,0.194397
Left,1,-1.955139,-12.64026,-0.1380005,0.2962646,-0.7531128,0.1875
Left,1,-1.978394,-14.07236,0.04986572,0.3392944,-0.7992859,0.150238
Left,1,-2.003906,-15.54163,0.1278687,-0.838501,-1.171967,4.111481
Left,1,-2.128021,-17.03217,0.03933716,-0.4643555,-0.8330078,3.924683
Left,1,-2.287628,-18.81195,0.02813721,-1.084747,-1.519775,3.76593
Left,1,-2.341888,-20.60257,-0.05551147,-1.10495,-1.65274,4.050751
Left,1,-2.351868,-22.50256,-0.05621338,-1.193848,-1.850983,0.9038391
Left,1,-2.465088,-24.81818,-0.01428223,-0.3087158,-1.558105,-0.5359497
Left,1,-2.550842,-27.51477,-0.2200317,-0.2876892,-1.533295,1.91626
Left,1,-2.57666,-30.11148,-0.4216003,-0.8369751,-1.792908,3.948029
Left,1,-2.588745,-32.75497,-0.3925171,-0.7782593,-1.964447,3.26767
Left,1,-2.858765,-35.48557,-0.4017029,-0.693634,-2.014099,3.345612
Left,1,-2.889465,-37.68045,-0.5338135,-0.5606079,-2.151581,2.620148
Left,1,-2.870941,-39.8728,-0.5124817,-0.4454956,-2.194031,3.241791
Left,1,-2.92157,-41.66766,-0.6460266,-2.266174,-2.54361,1.021667
Left,1,-3.225769,-43.42499,-0.5978088,-1.594604,-2.886108,1.424164
Left,1,-3.616211,-44.97614,-0.6056824,-2.334137,-3.530457,-1.054901
Left,1,-3.847748,-46.60889,-0.5921936,-2.481995,-3.745026,-1.088074
Left,1,-4.06076,-48.05392,-0.557312,-2.50177,-3.868256,-0.9666748
Left,1,-4.219604,-49.5184,-0.4383545,-2.544891,-3.961884,-0.9293518
Left,1,-4.305054,-50.79739,-0.3642273,-2.586395,-4.043274,-0.912384
Left,1,-4.342712,-51.98001,-0.2566528,-2.620361,-4.098236,-0.8639832
Left,1,-4.428131,-53.24902,-0.1824951,-2.576843,-4.161926,-0.6551208
Left,2,0,0,0,0,0,0
Left,2,0.01614177,-0.06560083,0.05099487,-0.000793457,0.008880615,0.01016235
Left,2,0.02004522,-0.09458787,0.1309509,-2.254822,-1.097321,-1.186707
Left,2,-0.03586805,-0.2436523,0.2063293,-2.853394,-1.417633,-1.483154
Left,2,-0.01819277,-0.3569641,0.2375488,-3.047852,-1.516632,-1.561218
Left,2,-0.01970214,-0.479248,0.2573242,-3.096893,-1.544434,-1.575684
Left,2,-0.06335938,-0.6249084,0.303772,-3.071014,-1.55069,-1.522125
Left,2,-0.2059733,-0.9394836,0.3327637,-1.625763,-0.9006958,-0.7657776
Left,2,-0.2703197,-1.356293,0.3876343,-2.976227,-1.599609,-1.452545
Left,2,-0.3261923,-1.825317,0.4630737,-1.633362,-1.01709,-0.7970886
Left,2,-0.4112177,-2.813232,0.5263367,-2.955719,-1.755157,-1.584137
Left,2,-0.5622864,-3.935516,0.5348511,-0.9769592,-0.789978,-0.4670715
Left,2,-0.5752563,-5.320038,0.5737305,-1.369019,-1.058899,-0.7138977
Left,2,-0.5717163,-7.329681,0.3946228,-0.3657227,-0.5894165,-0.07025146
Left,2,-0.4631015,-9.331543,0.1537476,-0.2515564,-0.5893555,0.01037598
Left,2,-0.5099182,-11.40701,0.1102905,-0.2515564,-0.669342,0.01037598
Left,2,-0.5337524,-13.44803,0.02874756,-0.2140503,-0.7233887,0.04397583
Left,2,-0.6457214,-15.44138,0.05007935,-0.856842,-1.155823,-0.3346863
Left,2,-0.6993713,-17.60699,0.09579468,0.7811584,0.04919434,1.202911
Left,2,-0.7729492,-19.4826,0.1400146,-1.046478,-1.695404,-0.861084
Left,2,-1.002899,-21.29822,0.262085,-2.062225,-1.872437,-0.443512
Left,2,-1.116943,-23.2796,0.4429932,-2.0979,-2.693726,0.2806396
Left,2,-1.331573,-25.24731,0.496582,-0.58255,-1.200928,0.4022827
Left,2,-1.606079,-27.35489,0.5457153,0.4415894,-0.787262,0.1271057
Left,2,-1.903473,-29.61685,0.6331482,-2.962555,-2.132965,-0.08694458
Left,2,-2.131348,-31.73413,0.5960083,-3.385895,-2.351074,-0.06011963
Left,2,-2.315063,-34.00528,0.7721558,-3.444153,-2.397491,-0.08544922
Left,2,-2.502747,-36.03729,0.868103,-3.424255,-2.407928,-0.08383179
Left,2,-2.667145,-38.21964,1.055939,-3.444946,-2.448639,-0.07525635
Left,2,-2.744354,-40.1008,1.150238,-3.177948,-2.422943,0.9012146
Left,2,-2.970673,-41.91641,1.363678,-3.416016,-2.475555,0.07089233
Left,2,-3.37793,-43.73367,1.584076,-3.469604,-2.505096,-0.01565552
Left,2,-3.724487,-45.37991,1.799316,-3.483429,-2.540619,0.0345459
Left,2,-4.143646,-46.9104,2.049652,-3.517853,-2.561737,-0.04019165
Left,2,-4.220703,-48.26776,2.284882,-3.522369,-2.613495,-0.1124268
Left,2,-4.282623,-49.73975,2.731995,-3.578247,-2.676483,-0.168396
Left,2,-4.410645,-51.10947,2.983856,-3.610504,-2.699249,-0.1402588
Left,2,-4.145294,-52.13406,3.203186,-3.422363,-3.067657,-0.884613
Left,3,0,0,0,0,0,0
Left,3,0.05571312,0.1192017,-0.07553101,1.223114,0.7782593,0.8997498
Left,3,0.08929071,0.184906,-0.1228333,1.411316,0.8789978,1.058136
Left,3,0.1250778,0.1640625,-0.1998291,0.07943726,0.1000366,0.2626953
Left,3,0.1280138,-0.1513977,-0.2393799,-0.973053,-0.6231689,-0.5033264
Left,3,0.1287481,-0.7302856,-0.2492981,-1.189026,-0.723877,-0.5630493
Left,3,0.146489,-1.353699,-0.2181091,-1.24469,-0.7569885,-0.6191711
Left,3,-0.08874978,-2.502899,-0.1559448,-1.149139,-0.724762,-0.5596008
Left,3,-0.2582854,-3.782928,-0.1684875,-1.170715,-0.7765503,-0.5409241
Left,3,-0.305504,-5.294373,-0.07235718,-1.19397,-0.8305969,-0.5018616
Left,3,-0.5869446,-7.177734,-0.06323242,-1.227966,-0.9354858,-0.4534912
Left,3,-0.7545471,-9.140259,0.03408813,1.311646,0.3407593,1.049988
Left,3,-0.8491821,-11.42218,-0.04269409,1.59729,0.3564148,1.246887
Left,3,-0.9326172,-13.79785,0.00100708,2.255768,0.9185486,2.075012
Left,3,-1.217682,-16.53671,0.05987549,0.7641907,-0.05828857,0.994873
Left,3,-1.453644,-18.99673,0.1324158,1.186798,-0.6417236,0.7230835
Left,3,-1.648376,-21.77051,0.3278503,-0.1985168,-1.323975,3.24115
Left,3,-1.829498,-24.47858,0.4744873,1.239532,-0.4614258,1.074738
Left,3,-1.91864,-26.7034,0.5979309,0.6459961,-0.9266968,2.672729
Left,3,-2.132446,-29.43219,0.9223022,0.3297729,-1.268372,3.149231
Left,3,-2.455902,-31.90836,0.959137,0.2529907,-1.492279,3.102325
Left,3,-2.587646,-34.02768,1.119781,0.2520447,-1.698212,2.979431
Left,3,-2.625946,-36.1778,1.377136,0.2690125,-1.833191,3.021698
Left,3,-2.676361,-38.02509,1.523651,-0.4580994,-2.442657,1.232208
Left,3,-3.051025,-39.72324,1.577393,-0.05044556,-2.3461,2.197754
Left,3,-3.202545,-41.24258,1.737,0.2165527,-2.287506,3.324646
Left,3,-3.188812,-42.60318,1.828094,0.2160645,-2.403992,3.467957
Left,3,-3.219147,-43.78061,1.976196,0.1608276,-2.407379,4.794586
Left,3,-3.180298,-44.93948,2.139099,-0.7787476,-3.047577,1.74939
Left,3,-3.209167,-46.03467,2.267303,-1.361115,-3.479248,-0.04394531
Left,3,-3.220764,-47.13461,2.436707,-1.421387,-3.636871,-0.4187927
Left,3,-3.321411,-48.42313,2.590057,-1.470917,-3.613098,-0.1766052
Left,3,-3.318207,-49.36493,2.69046,-1.559845,-3.404816,0.5657349
DownRight,1,0,0,0,0,0,0
DownRight,1,-0.03129977,-0.03237493,0.0177002,0,0.02999878,0
DownRight,1,-0.06983167,-0.07004255,-0.004852295,-0.001556396,0.02774048,0.02029419
DownRight,1,-0.07912421,-0.05891347,-0.01541138,0.007659912,0.01641846,0.03125
DownRight,1,-0.03061283,-0.02120158,0.0078125,-0.02069092,0.009216309,0.008544922
DownRight,1,-0.03198338,0.03645332,0.02758789,0.4527893,0.8844299,0.3733521
DownRight,1,-0.003427327,0.0141701,0.04946899,0.4750061,0.9475098,0.3445129
DownRight,1,0.006547749,0.004154027,0.05014038,0.4857788,0.9585266,0.3351746
DownRight,1,0.03784996,-0.02346605,0.03240967,0.4582214,0.9523926,0.3023682
DownRight,1,0.06709266,-0.04457307,0.04437256,0.4335938,1.055939,0.3616028
DownRight,1,0.07843661,-0.04222238,0.02532959,0.4228821,1.064911,0.3709717
DownRight,1,0.1176578,-0.03336944,0.03793335,0.4373474,1.07666,0.4435425
DownRight,1,0.2380532,0.02795281,0.03637695,0.442688,1.10965,0.505188
DownRight,1,0.4004112,0.132871,0.007904053,0.4442444,1.101959,0.4849243
DownRight,1,0.6219428,0.2767797,-0.006500244,0.09814453,0.2359924,0.02835083
DownRight,1,0.9305129,0.616252,0.02484131,0.02386475,0.03530884,-0.04910278
DownRight,1,1.390089,1.118571,0.04690552,0.05297852,0.03366089,-0.03656006
DownRight,1,1.874413,1.729418,0.001403809,0.1288452,0.1065979,0.0206604
DownRight,1,2.468469,2.461013,-0.03619385,0.1455994,0.1117554,0.06283569
DownRight,1,3.247257,3.385746,0.008483887,0.1540222,0.129303,0.08395386
DownRight,1,4.191515,4.435258,0.1240845,0.1731567,0.1578064,0.09567261
DownRight,1,4.715454,5.79049,0.2297668,0.1731567,0.1878357,0.09567261
DownRight,1,5.340519,7.139155,0.322876,0.1923523,0.2163696,0.1074524
DownRight,1,6.378665,8.418954,0.3861694,0.1808167,0.2342834,0.1269226
DownRight,1,7.676157,9.652833,0.4682617,0.1692505,0.2721558,0.1464539
DownRight,1,9.04995,10.76606,0.7514954,0.1632385,0.3280029,0.09487915
DownRight,1,9.78546,11.8007,0.842926,0.1424866,0.3471985,0.1034241
DownRight,1,10.45181,12.80625,0.9198303,0.168457,0.3710327,0.1565552
DownRight,1,11.03702,13.90876,1.010437,0.2173462,0.4341431,0.3034363
DownRight,1,11.77122,14.86284,1.121521,0.2816162,0.500061,0.5127869
DownRight,1,12.77879,15.74138,1.339569,0.2217102,0.486084,0.640686
DownRight,1,13.91024,16.59247,1.653351,0.1840515,0.5151672,0.7398071
DownRight,1,15.25005,17.43672,2.001221,0.3320618,0.6553955,0.9046326
DownRight,1,15.93095,18.11583,2.012756,0.441803,0.7334595,1.178619
DownRight,1,16.71094,18.81664,2.041748,0.5541077,0.7798157,1.554688
DownRight,1,17.91954,19.52872,2.256348,0.6011658,0.8192749,1.73175
DownRight,1,19.29015,20.22188,2.597992,0.6105957,0.8428345,1.875305
DownRight,1,20.16226,20.94388,2.749908,0.5953979,0.8348999,1.945526
DownRight,1,20.5693,21.93097,2.961273,0.56427,0.8078003,2.096161
DownRight,1,21.28063,22.67717,3.120026,0.5856323,0.828186,2.352844
DownRight,1,21.70892,23.27848,3.162506,0.5643005,0.8044128,2.647034
DownRight,1,21.88221,23.9114,3.119263,0.5161438,0.8356934,2.898438
DownRight,1,21.98953,24.56881,3.316498,0.5166626,0.8703308,3.031128
DownRight,1,22.14864,25.3916,3.489319,0.5123291,0.9033203,3.09201
DownRight,1,22.21648,26.41688,3.83429,0.5435486,0.9686279,3.216736
DownRight,1,22.29178,27.28785,4.066406,0.5114746,0.9855347,3.244965
DownRight,1,22.59426,28.13029,4.353241,0.4423828,0.9378052,3.229645
DownRight,1,22.80539,29.0959,4.661072,0.4367371,0.9749756,3.167999
DownRight,1,22.96161,30.02778,5.049164,0.3870239,0.9523315,3.021454
DownRight,1,23.21254,30.91287,5.368622,0.3991699,0.9256897,2.99173
DownRight,1,23.54127,31.84476,5.730865,0.4057007,1.006226,2.90036
DownRight,1,23.90414,32.59689,6.029388,0.4078979,1.089722,2.869934
DownRight,1,24.28165,33.35585,6.42215,0.3879395,1.130035,2.868439
DownRight,1,24.53902,33.87394,6.646606,0.3431702,1.119019,2.79364
DownRight,1,24.58059,34.17929,6.621521,0.3538513,1.160034,2.784271
DownRight,1,24.58386,34.42755,6.565613,0.3964539,1.247559,2.889465
DownRight,1,24.64701,34.47766,6.514069,0.4162292,1.280701,3.033844
DownRight,1,24.59264,34.47953,6.416565,0.4203186,1.389618,2.697388
DownRight,1,24.63531,34.35765,6.372894,0.4395142,1.43811,2.709045
DownRight,1,24.74117,34.21591,6.27771,0.4772034,1.47403,2.742493
DownRight,1,24.74505,34.06552,6.212524,0.4587402,1.466644,2.720703
DownRight,1,24.81878,33.91736,6.152466,0.4672546,1.474182,2.74173
DownRight,1,24.83099,33.80317,6.115967,0.495697,1.451355,2.764282
DownRight,1,24.79275,33.626,6.085083,0.5078735,1.434692,2.734589
DownRight,1,24.76067,33.42393,5.951752,0.5015564,1.430695,2.683105
DownRight,1,24.6155,33.28008,5.866119,0.5596619,1.410919,2.850677
DownRight,1,24.42874,33.09089,5.805481,0.5794067,1.374115,2.994965
DownRight,1,24.29096,32.83477,5.598541,0.5708923,1.346588,2.973969
DownRight,1,24.10994,32.56917,5.444458,0.5845032,1.372284,2.923981
DownRight,1,23.90844,32.25155,5.298096,0.5489807,1.349915,2.860107
DownRight,1,23.66173,31.90316,5.073151,0.5219727,1.325043,2.817261
DownRight,1,23.37757,31.68885,4.807526,0.487915,1.255005,2.733093
DownRight,1,23.17922,31.50785,4.613922,0.5056763,1.211212,2.765045
DownRight,1,23.00032,31.34607,4.43103,0.4978943,1.144836,2.733826
DownRight,1,22.71534,31.18886,4.183411,0.4801331,1.098694,2.701904
DownRight,1,22.51485,31.0324,4.026794,0.4786682,1.086334,2.722198
DownRight,1,22.24701,30.7991,3.827179,0.4494934,1.027954,2.709808
DownRight,1,21.84266,30.4982,3.569702,0.493042,1.053162,2.662048
DownRight,1,21.64165,30.12102,3.270752,0.5735474,1.143127,2.657928
DownRight,1,21.21146,29.50745,2.802307,0.5993652,1.192108,2.578278
DownRight,1,20.66016,28.83629,2.351929,0.621521,1.235321,2.549347
DownRight,1,20.32548,28.32481,1.965118,0.6152039,1.231293,2.497833
DownRight,1,20.01581,27.77378,1.655701,0.5727234,1.213684,2.392639
DownRight,1,19.8519,27.09798,1.271942,0.5262146,1.175537,2.205475
DownRight,1,19.95955,26.82602,1.166412,0.5206909,1.172638,2.143829
DownRight,1,19.58792,25.76786,0.8892212,0.5258789,1.150757,2.072784
DownRight,1,19.38654,25.2371,0.7587585,0.5510559,1.13855,2.003326
DownRight,1,19.2014,24.47642,0.4007568,0.5585022,1.130157,1.901917
DownRight,1,19.01873,24.05366,0.2906189,0.5821838,1.115601,1.852692
DownRight,1,18.71892,23.78422,0.2758484,0.5959167,1.091217,1.802765
DownRight,1,18.6285,23.73055,0.2781067,0.5989075,1.075836,1.762177
DownRight,1,18.70739,24.02302,0.4371948,0.6587219,1.07489,1.766785
DownRight,1,18.93523,24.49826,0.6176453,0.6771545,1.082306,1.788635
DownRight,1,19.34927,25.21244,0.8605042,0.6771545,1.102264,1.788635
DownRight,1,19.97167,26.48262,1.424103,0.6826477,1.125183,1.85025
DownRight,1,20.6691,28.26431,2.219818,0.7150879,1.192993,1.954712
DownRight,1,21.59189,30.31891,3.418213,0.7464905,1.204865,1.936707
DownRight,1,22.69273,33.08354,4.859833,0.7527161,1.218964,1.98819
DownRight,1,23.54694,34.4383,5.63739,0.7789001,1.302704,2.041199
DownRight,1,24.78761,36.73441,6.851471,0.7918396,1.357178,2.001373
DownRight,2,0,0,0,0,0,0
DownRight,2,0.08660936,0.005836368,0.04656982,-0.02227783,-0.003082275,0.02880859
DownRight,2,0.1433167,0.001583099,0.09072876,-0.04296875,-0.03390503,0.03738403
DownRight,2,0.2107711,0.06847525,0.1257935,-0.05981445,-0.07901001,-0.004730225
DownRight,2,0.2997215,0.1177031,0.1427002,-0.05905151,-0.08792114,-0.01483154
DownRight,2,0.3572097,0.2145425,0.1769714,-0.05825806,-0.1067505,-0.0249939
DownRight,2,0.4660959,0.3138525,0.1954956,-0.04986572,-0.1192017,-0.003936768
DownRight,2,0.5773046,0.4864957,0.1844482,-0.03067017,-0.100647,0.007781982
DownRight,2,0.7567499,0.6972401,0.1985779,-0.0329895,-0.09408569,0.03817749
DownRight,2,0.9776199,0.9804087,0.196167,-0.01535034,-0.05776978,0.07015991
DownRight,2,1.226849,1.461598,0.2158508,-0.0161438,-0.0489502,0.08029175
DownRight,2,1.637823,2.322543,0.3472595,-0.01766968,0.01876831,0.1005554
DownRight,2,2.015883,3.13358,0.3869629,-0.008483887,0.05752563,0.1114807
DownRight,2,2.562649,4.314794,0.4498596,-0.009246826,0.09637451,0.121582
DownRight,2,3.249752,5.608595,0.5140381,-0.008483887,0.1575012,0.1114807
DownRight,2,4.064926,7.066469,0.4802246,-0.006164551,0.2409058,0.08108521
DownRight,2,4.986659,8.887346,0.622467,0.003051758,0.2896423,0.09197998
DownRight,2,6.071022,10.77114,0.8660278,0.009155273,0.343811,0.1434326
DownRight,2,7.227522,12.56083,1.085754,0.00378418,0.4458008,0.2143555
DownRight,2,8.477003,14.3035,1.400757,-0.4133301,-0.2853699,-0.1041565
DownRight,2,9.852829,15.97966,1.900665,-0.4455566,-0.2882996,-0.07614136
DownRight,2,11.02193,17.69759,2.353668,-0.5022888,-0.2427979,-0.1214905
DownRight,2,11.63325,19.19238,2.625519,-0.5054016,-0.1673279,-0.0809021
DownRight,2,12.14371,20.62955,2.772888,-0.4425354,-0.04870605,0.01589966
DownRight,2,12.86852,22.1233,3.005035,-0.3934937,0.05438232,0.1625977
DownRight,2,13.79635,23.59151,3.340088,-0.2991638,0.2197571,0.3740234
DownRight,2,14.69811,25.03932,3.759033,-0.2868652,0.2879944,0.4769592
DownRight,2,15.73051,26.51229,4.178162,-0.2530518,0.3782043,0.5611877
DownRight,2,16.50436,28.0225,4.709595,-0.203125,0.4723816,0.6976318
DownRight,2,17.45492,29.47142,5.301575,-0.2015076,0.4996033,0.8098755
DownRight,2,18.61625,30.65788,5.89917,-0.1659546,0.6369629,1.006348
DownRight,2,19.80786,31.83584,6.649139,-0.1734619,0.7054749,1.107727
DownRight,2,20.96944,32.73064,7.412903,-0.1819458,0.7679138,1.0867
DownRight,2,22.0922,33.47519,8.020294,-0.1734619,0.8354187,1.107727
DownRight,2,22.82156,34.13763,8.519714,-0.07128906,0.95224,1.217529
DownRight,2,23.29866,34.69602,8.894958,-0.03536987,1.031006,1.138733
DownRight,3,0,0,0,0,0,0
DownRight,3,-0.009192109,-0.08890319,-0.01068115,-0.01760864,-0.0362854,-0.03201294
DownRight,3,-0.06214809,-0.1834667,0.02490234,-0.0536499,-0.1099243,-0.08587646
DownRight,3,-0.1066856,-0.2602086,0.08105469,-0.02450562,-0.1215515,-0.07333374
DownRight,3,-0.03534675,-0.2878489,0.06677246,-0.005340576,-0.1029968,-0.06161499
DownRight,3,0.134904,-0.2663951,0.07025146,-0.01376343,-0.1005554,-0.08273315
DownRight,3,0.2760286,-0.1938567,0.0614624,0.004638672,-0.05316162,-0.06082153
DownRight,3,0.4509423,-0.08563519,0.005737305,0.01538086,-0.05218506,-0.07019043
DownRight,3,0.7271131,0.1051102,-0.06185913,0.02456665,-0.07348633,-0.05926514
DownRight,3,1.214193,0.5689197,-0.1324158,0.08895874,-0.04260254,0.01724243
DownRight,3,1.771063,1.313345,-0.1972046,0.1257629,-0.027771,0.0609436
DownRight,3,2.607265,2.504118,-0.3679199,0.1426697,-0.01266479,0.1030579
DownRight,3,3.730491,3.888892,-0.6132202,0.1610413,0.034729,0.1249084
DownRight,3,5.110568,5.514516,-0.8061523,0.1894226,0.1019897,0.147522
DownRight,3,6.551258,7.184776,-1.001617,0.1694946,0.1622925,0.1459656
DownRight,3,7.49129,8.98821,-1.207336,0.1595154,0.2724609,0.1451721
DownRight,3,8.614276,10.86696,-1.317749,0.1679688,0.3700256,0.1662292
DownRight,3,10.18161,12.65986,-1.339447,0.1871033,0.4685364,0.1779175
DownRight,3,11.97158,14.38251,-1.26123,0.1672058,0.5488586,0.1763611
DownRight,3,13.96596,16.08663,-1.345734,0.0866394,0.5690002,0.1802063
DownRight,3,15.77233,17.7372,-1.220215,0.06594849,0.6681519,0.1887817
DownRight,3,17.70046,19.26252,-0.8684998,0.1702881,0.793396,0.4009399
DownRight,3,18.12641,20.56232,-0.7998047,0.2209778,0.8986816,0.5272522
DownRight,3,18.73133,21.83332,-0.5895386,0.2572021,0.9972839,0.713562
DownRight,3,19.66324,23.18854,-0.2049561,0.3119507,1.083191,0.9216919
DownRight,3,20.36396,24.36317,0.1860352,0.4026489,1.187866,1.050964
DownRight,3,20.79371,25.37025,0.4555359,0.5609741,1.338043,1.215942
DownRight,3,21.2121,26.45465,0.7427673,0.7824402,1.506805,1.477264
DownRight,3,21.79334,27.52887,1.254059,0.8448486,1.56424,1.583832
DownRight,3,22.55295,28.59734,1.80014,0.8821716,1.63382,1.759735
DownRight,3,23.4096,29.69763,2.524323,0.9538879,1.739929,1.877075
DownRight,3,24.23454,30.75135,3.281097,0.9417419,1.766571,1.906708
DownRight,3,25.14755,31.64311,4.081451,0.9239502,1.780334,1.874847
DownRight,3,25.98532,32.56817,4.965698,0.8522644,1.724243,1.757507
UpLeft,1,0,0,0,0,0,0
UpLeft,1,0.04988515,-0.04988819,0.003387451,-0.0007629395,-0.00112915,0.01019287
UpLeft,1,0.05055547,-0.08873385,-0.006469727,0.02609253,-0.01626587,0.05316162
UpLeft,1,0.02993,-0.1399158,0.002044678,0.01535034,-0.05722046,0.0625
UpLeft,1,0.05055594,-0.1587299,-0.006469727,0.02304077,-0.1008301,0.09371948
UpLeft,1,0.1303718,-0.1585927,-0.001037598,0.01922607,-0.1165771,0.1445007
UpLeft,1,0.2115294,-0.216087,-0.01538086,-0.003051758,-0.1496887,0.1734009
UpLeft,1,0.2727356,-0.3036142,-0.03100586,-0.01449585,-0.1618042,0.1929016
UpLeft,1,0.2641047,-0.4112672,-0.05148315,-0.01602173,-0.1741028,0.2131958
UpLeft,1,0.09315026,-0.4939587,-0.04324341,-0.007598877,-0.2065735,0.234314
UpLeft,1,-0.1050395,-0.5819144,-0.07662964,-0.01983643,-0.2198486,0.2639771
UpLeft,1,-0.3125336,-0.6286374,-0.120575,-0.03903198,-0.228363,0.2522583
UpLeft,1,-0.5027664,-0.7200227,-0.1235962,-0.06201172,-0.2326355,0.2913208
UpLeft,1,-0.8007252,-0.8079834,-0.1637878,-0.07199097,-0.2424622,0.2905273
UpLeft,1,-0.9710041,-0.8692322,-0.1654663,-0.08963013,-0.2486572,0.2584839
UpLeft,1,-1.277585,-1.054626,-0.2261658,-0.07122803,-0.2012939,0.280365
UpLeft,1,-1.542877,-1.287537,-0.3040466,-0.06970215,-0.1889954,0.2600708
UpLeft,1,-1.858063,-1.580353,-0.3854065,-0.06896973,-0.1978455,0.2499084
UpLeft,1,-2.229675,-2.137146,-0.5205383,-0.06515503,-0.2121277,0.1991577
UpLeft,1,-2.727539,-2.947693,-0.7145081,-0.04214478,-0.217865,0.1600952
UpLeft,1,-3.340546,-3.637085,-0.8368225,-0.01913452,-0.2435913,0.1210327
UpLeft,1,-4.247009,-4.712067,-0.9197388,-0.3182678,-0.4983521,-0.1682434
UpLeft,1,-5.070404,-5.914185,-1.187622,-2.074005,-1.493408,-1.211365
UpLeft,1,-6.025604,-6.931885,-1.576233,-1.217438,-1.085358,-0.7416382
UpLeft,1,-7.558289,-8.206665,-2.158997,-0.8407898,-1.010834,-0.8134155
UpLeft,1,-9.387085,-9.835663,-2.939301,0.2087097,-0.6495972,-0.3713989
UpLeft,1,-10.82291,-10.95178,-3.462311,0.5384827,-0.6638794,-0.3553162
UpLeft,1,-12.5112,-12.45688,-3.957214,0.6680908,-0.7259521,-0.3450317
UpLeft,1,-12.9155,-13.01376,-4.049591,1.09903,-0.4641724,0.05596924
UpLeft,1,-14.33536,-14.07095,-4.241852,2.23233,0.6260071,1.40509
UpLeft,1,-15.55786,-15.17767,-4.256195,0.3232727,-1.797882,-1.464478
UpLeft,1,-16.81012,-16.66711,-4.139862,0.4747925,-1.68515,-0.9623108
UpLeft,1,-17.88907,-18.0824,-4.06131,-1.998413,-2.494904,-0.4975891
UpLeft,1,-18.92184,-19.34326,-3.927582,-0.4602966,-3.192719,-2.714508
UpLeft,1,-20.13559,-20.55051,-3.787811,-0.9218445,-2.421936,-2.589996
UpLeft,1,-21.22137,-21.57587,-3.751862,-1.089233,-2.51358,-2.378998
UpLeft,1,-21.94968,-22.38239,-3.66626,1.750061,-1.436188,-0.8496094
UpLeft,1,-22.80759,-23.11423,-3.591492,2.325745,-0.6225586,-0.6409912
UpLeft,1,-23.92142,-24.14813,-3.444489,2.309692,-0.5766602,-0.6930542
UpLeft,1,-24.88965,-24.83514,-3.369171,2.221741,-0.6783752,-0.8525696
UpLeft,1,-25.96564,-25.43088,-3.188171,2.129059,-0.836853,-0.9515076
UpLeft,1,-26.82587,-25.97961,-2.936218,2.091553,-0.9028931,-0.9850159
UpLeft,1,-27.59894,-26.7178,-2.781799,2.046417,-0.9454651,-1.049683
UpLeft,1,-28.5907,-27.37372,-2.509125,1.973511,-1.018982,-1.014832
UpLeft,1,-29.21341,-27.92371,-2.203979,1.987671,-0.9987793,-1.196747
UpLeft,1,-29.78027,-28.76395,-1.829895,1.896912,-1.113312,-1.061676
UpLeft,1,-30.37476,-29.48904,-1.489288,1.739777,-1.217621,-1.104858
UpLeft,1,-30.93835,-30.26413,-1.155945,1.559021,-1.742432,-1.231384
UpLeft,2,0,0,0,0,0,0
UpLeft,2,-0.03839111,0.1322937,-0.02288818,-0.04550171,0.1578064,0.1999817
UpLeft,2,-0.07751465,0.2434998,-0.03588867,-0.06842041,0.01843262,0.1065369
UpLeft,2,-0.1457825,0.3358765,-0.06106567,-0.08847046,0.1738586,0.2373047
UpLeft,2,-0.1604004,0.4237671,-0.1321411,-0.08084106,0.2403564,0.2684326
UpLeft,2,-0.2363586,0.5395203,-0.1878967,-0.081604,0.249176,0.2785645
UpLeft,2,-0.3337708,0.6430359,-0.2253723,-0.08239746,0.2580872,0.2886658
UpLeft,2,-0.5009766,0.6567688,-0.268219,-0.08239746,0.2780457,0.2886658
UpLeft,2,-0.7571411,0.6418762,-0.3279724,-0.06323242,0.2966614,0.3003845
UpLeft,2,-1.162109,0.4985657,-0.4092102,-0.05325317,0.306488,0.3011475
UpLeft,2,-1.790985,0.104248,-0.578064,-0.02633667,0.2164001,0.2117004
UpLeft,2,-2.422913,-0.4740906,-0.7073364,-0.007019043,0.119812,0.09106445
UpLeft,2,-3.346893,-1.500031,-0.9501648,0.01834106,0.05743408,0.02182007
UpLeft,2,-4.15564,-2.647797,-1.255219,0.05215454,0.03265381,-0.02636719
UpLeft,2,-4.926392,-4.023865,-1.659088,0.09594727,0.00769043,-0.07373047
UpLeft,2,-5.817261,-5.679047,-2.063751,0.1365967,-0.00177002,-0.08065796
UpLeft,2,-6.687531,-7.396667,-2.34671,0.281189,0.179657,0.2564392
UpLeft,2,-7.642548,-9.295441,-2.698547,0.2304688,-0.05264282,-0.2562866
UpLeft,2,-8.657745,-10.82635,-2.924683,0.151123,-0.5455322,-1.036072
UpLeft,2,-9.677582,-12.30569,-2.968994,0.3493042,-0.2955017,-0.2366028
UpLeft,2,-10.44989,-13.75986,-2.972565,0.4034424,-0.1990051,-0.02883911
UpLeft,2,-11.56873,-15.09998,-3.158844,0.3121643,-0.7327881,-1.796082
UpLeft,2,-12.7157,-16.3252,-3.369263,0.40271,-0.5258484,-1.04599
UpLeft,2,-13.85095,-17.34903,-3.847107,0.5744629,-0.269165,-0.03549194
UpLeft,2,-15.03137,-18.01373,-4.383179,0.6065369,-0.3410034,0.06869507
UpLeft,2,-16.02179,-18.89035,-4.544281,0.5838318,-0.6056824,-0.1567993
UpLeft,2,-17.01062,-19.85654,-4.603241,0.5977478,-0.7701416,-0.2065125
UpLeft,2,-18.00195,-20.38437,-4.632263,0.6192322,-0.8482056,-0.2251282
UpLeft,2,-18.78934,-20.97766,-4.456451,0.642334,-0.8739929,-0.263916
UpLeft,2,-19.52179,-21.52496,-4.337738,0.6325989,-0.959137,-0.3968811
UpLeft,2,-20.43182,-21.91306,-4.256592,0.613739,-1.04303,-0.5407104
UpLeft,2,-21.21732,-22.13132,-4.101501,0.6184998,-1.086304,-0.6013184
UpLeft,2,-22.12402,-22.40656,-3.937134,0.6001587,-1.153778,-0.6231689
UpLeft,2,-23.03726,-22.37546,-3.815399,0.5770569,-1.187988,-0.5843506
UpLeft,2,-23.6084,-22.43665,-3.577087,0.5311584,-1.251709,-0.6389465
UpLeft,2,-24.01495,-22.72165,-3.259705,0.4802551,-1.336761,-0.5006714
UpLeft,2,-24.29855,-23.07693,-2.972046,0.5482788,-1.311768,-0.7290649
UpLeft,2,-24.82922,-23.76443,-2.602661,0.588501,-1.277679,-0.8579407
UpLeft,2,-25.25833,-24.62381,-2.243958,0.5666199,-1.354279,-0.7072144
UpLeft,2,-25.55139,-25.41907,-1.956024,0.5610657,-1.39209,-0.6365356
UpLeft,2,-26.09833,-26.36765,-1.491577,0.5726318,-1.390015,-0.6558838
UpLeft,2,-26.34772,-26.79337,-1.378082,0.5474854,-1.432861,-0.7189331
UpLeft,2,-26.70926,-27.4747,-1.106171,0.4609375,-1.507141,-0.7666626
UpLeft,2,-27.10443,-28.21793,-0.6467285,0.2344666,-1.93576,-0.9478455
UpLeft,3,0,0,0,0,0,0
UpLeft,3,-0.04492188,-0.2809143,0.186676,-0.04147339,-0.04162598,0.01699829
UpLeft,3,-0.05355835,-0.3930664,0.2961426,-0.1315613,-0.1049805,0.1419983
UpLeft,3,-0.204895,-0.6092224,0.4344482,-0.2060547,-0.1706238,0.197052
UpLeft,3,-0.6826172,-0.6063538,0.3867798,-0.2020874,-0.1950378,0.1464844
UpLeft,3,-1.021576,-0.6849365,0.3600464,-0.196106,-0.1708069,0.1978455
UpLeft,3,-1.657257,-0.9584961,0.2797241,-0.1976929,-0.2330322,0.2181091
UpLeft,3,-2.572815,-1.450775,0.1871338,-0.2375488,-0.2824097,0.2148743
UpLeft,3,-3.911011,-2.253998,0.1110535,-0.2254944,-0.3139954,0.3176575
UpLeft,3,-5.062164,-3.339996,0.07989502,-0.1412964,-0.2632141,0.395752
UpLeft,3,-6.076904,-5.3302,0.1000061,-0.05944824,-0.2158203,0.5041199
UpLeft,3,-7.230408,-7.216064,0.0987854,0.162323,0.06622314,1.010315
UpLeft,3,-8.37973,-9.302826,0.301178,0.008758545,-0.4877014,-0.1112671
UpLeft,3,-9.385651,-11.47952,0.5974426,0.02758789,-0.707428,-0.4761047
UpLeft,3,-10.37061,-13.24939,0.7532349,0.1291809,-0.6183777,-0.1116028
UpLeft,3,-11.17288,-14.77686,0.8830872,0.2200623,-0.5839233,-0.2466431
UpLeft,3,-12.0549,-15.99197,1.006714,0.2946167,-0.7054443,-1.054352
UpLeft,3,-12.98984,-16.94971,1.167358,0.3869019,-0.8182068,-0.5787964
UpLeft,3,-13.93008,-17.61914,1.265991,0.4092407,-0.9451599,-0.6074524
UpLeft,3,-14.82196,-18.23096,1.389191,0.4464111,-1.045654,-0.6959229
UpLeft,3,-15.97531,-18.87869,1.522003,0.4329529,-1.096497,-0.7784119
UpLeft,3,-16.91769,-19.55795,1.651428,0.4146118,-1.253967,-0.8002625
UpLeft,3,-17.98508,-20.12518,1.708038,0.4129944,-1.326202,-0.7800598
UpLeft,3,-18.97086,-21.00269,2.020844,0.444519,-1.334412,-0.7977905
UpLeft,3,-19.91602,-21.80319,2.19165,0.4396667,-1.401031,-0.7371826
UpLeft,3,-20.76666,-22.47443,2.443634,0.4356079,-1.456604,-0.686676
UpLeft,3,-21.36713,-23.08228,2.706726,0.4623413,-1.381439,-0.6437988
UpLeft,3,-22.01511,-23.56442,2.934753,0.4714661,-1.422699,-0.632843
UpLeft,3,-22.37436,-23.85971,3.051178,0.5342712,-1.465698,-0.7903748
UpLeft,3,-22.96744,-24.36234,3.35788,0.504364,-1.595306,-0.7928467
UpLeft,3,-23.64417,-24.86307,3.426483,0.2590332,-2.15271,-0.9861145
UpLeft,3,-24.57599,-25.50217,3.704926,0.1924744,-2.32724,-1.032318
UpLeft,3,-25.53683,-26.22928,3.822571,0.5743713,-1.689697,-0.6650696
UpLeft,3,-26.2533,-26.77579,3.886993,0.535614,-1.651489,-0.5563965
UpLeft,3,-26.48834,-27.1655,4.099579,0.4184265,-1.73642,-0.5965271
UpLeft,3,-27.0202,-27.92758,4.403168,0.3725891,-1.770142,-0.6511841
Down,1,0,0,0,0,0,0
Down,1,-0.02926636,0.001186579,-0.01190186,0.004425049,0.01193237,0.07171631
Down,1,-0.009321469,-0.01878509,-0.0105896,0.0196228,0.004882813,0.1340942
Down,1,-0.09780884,-0.08643085,-0.03634644,0.02566528,-0.01092529,0.1855774
Down,1,-0.1157837,-0.1628374,-0.06738281,0.04403687,-0.02346802,0.207428
Down,1,-0.1830139,-0.1981076,-0.1116638,0.01254272,-0.06524658,0.2252502
Down,1,-0.2415466,-0.2257217,-0.1354675,0.0009765625,-0.06735229,0.2447205
Down,1,-0.2934265,-0.2392636,-0.1090393,-0.002166748,-0.0718689,0.2852478
Down,1,-0.2355347,-0.2628379,-0.0753479,0.006256104,-0.07427979,0.3063049
Down,1,0.02258138,-0.2652357,-0.03833008,-0.003723145,-0.0741272,0.3055115
Down,1,0.3624929,-0.253938,-0.02572632,-0.002960205,-0.07299805,0.2953796
Down,1,0.7323392,-0.2425361,-0.01113892,-0.002166748,-0.08187866,0.2852478
Down,1,1.264456,-0.215949,-0.02542114,0.007843018,-0.07202148,0.2860413
Down,1,2.109169,-0.132417,-0.06832886,0.006256104,-0.07427979,0.3063049
Down,1,3.272508,-0.05806351,-0.07958984,-0.002166748,-0.08187866,0.2852478
Down,1,3.983032,-0.05930629,0.08654785,-0.002166748,-0.1018677,0.2852478
Down,1,4.362384,-0.02526501,0.2598267,0.005493164,-0.1154175,0.3164368
Down,1,5.154133,-0.07278457,0.4111328,0.02755737,-0.1071472,0.4201355
Down,1,6.134222,-0.07067376,0.5943604,0.05432129,-0.07217407,0.4630432
Down,1,7.446842,-0.1686714,0.7505798,0.08343506,-0.04376221,0.4755859
Down,1,8.991529,-0.277431,0.8834229,0.1117859,0.01348877,0.49823
Down,1,10.4483,-0.2508065,0.981842,0.1692505,0.06918335,0.5333862
Down,1,11.06502,-0.2265773,1.052917,0.2113037,0.1171265,0.6386719
Down,1,12.10952,-0.1783377,1.17276,0.2111816,0.09222412,0.7710876
Down,1,13.70026,0.005158573,1.369293,0.2286987,0.1136169,0.9354858
Down,1,15.88342,0.2304176,1.550568,0.2409363,0.1719055,1.0383
Down,1,18.43438,0.5179698,1.780609,0.2263489,0.2452698,1.098267
Down,1,20.46584,0.7599527,1.98642,-0.2045288,-0.5015869,0.8297119
Down,1,22.51108,1.185573,2.291229,-0.3556519,-0.7214661,0.8380737
Down,1,24.69237,1.55393,2.665955,-0.3335266,-0.6183167,1.074432
Down,1,26.8286,1.858714,2.965881,-0.4777222,-0.6828918,1.124237
Down,1,28.48962,1.943874,3.017609,-0.6234131,-0.7547913,1.326996
Down,1,29.74218,1.948942,3.030273,-0.6401367,-0.6651306,1.682861
Down,1,31.00046,2.118196,3.111359,-0.7295532,-0.703949,1.941284
Down,1,32.06799,2.22506,3.353119,-0.8260193,-0.7396851,2.434021
Down,2,0,0,0,0,0,0
Down,2,0.08630371,-0.01593474,0.05596924,0.3918457,0.1789551,0.2471924
Down,2,0.1853638,-0.03727384,0.07290649,0.2180176,0.1100464,0.1612854
Down,2,0.2459106,-0.09618381,0.06713867,0.9636841,0.4714661,0.6311035
Down,2,0.3164368,-0.1151067,0.06210327,1.03183,0.5180054,0.657074
Down,2,0.3656311,-0.1063049,0.07553101,0.9951477,0.5131836,0.6133118
Down,2,0.6043396,-0.07772046,0.1022644,0.9775696,0.506897,0.5812683
Down,2,0.812439,-0.05020826,0.1367188,0.9616089,0.5228577,0.5289001
Down,2,1.222137,0.01079968,0.1554565,0.9732056,0.5749512,0.5094299
Down,2,1.891876,0.1132859,0.1824341,0.9724121,0.573822,0.5195923
Down,2,2.920074,0.2558279,0.2445374,0.9647827,0.5973206,0.4883728
Down,2,3.998108,0.4697938,0.3103027,0.9448547,0.5676575,0.4867249
Down,2,5.205811,0.7258294,0.3852844,0.9923096,0.5834656,0.5212402
Down,2,6.913666,1.019272,0.4763184,1.019836,0.6095886,0.5541077
Down,2,8.62326,1.32234,0.6860352,1.043396,0.6100769,0.6376343
Down,2,10.30634,1.514647,0.8453369,1.035492,0.5888367,0.7390442
Down,2,12.22473,1.63659,1.080841,0.9924622,0.5450134,0.7763672
Down,2,13.50006,1.714807,1.338348,1.019714,0.5862732,0.9418335
Down,2,14.71698,1.636369,1.572205,1.035492,0.6054077,1.126801
Down,2,16.41736,1.647427,1.774292,1.028473,0.6152039,1.218079
Down,2,17.91498,1.511948,2.01059,1.091858,0.6600647,1.437408
Down,2,19.20447,1.317093,2.212891,1.111633,0.6998596,1.704254
Down,2,21.07828,1.200713,2.375,1.044891,0.6655273,1.923431
Down,2,23.15015,1.193175,2.574951,1.028809,0.6614685,2.136475
Down,2,24.46735,1.235021,2.963715,1.048065,0.6749268,2.280823
Down,2,25.85217,1.266938,3.245087,1.040588,0.688324,2.514893
Down,2,27.69766,1.382565,3.537842,0.9973145,0.7629089,2.827881
Down,2,29.12616,1.361467,3.770477,0.8908691,0.7240906,2.91153
Down,2,29.84039,1.312341,3.887634,0.8006592,0.6991577,3.047516
Down,2,30.96283,1.440355,4.050446,0.8670959,0.7952576,3.511902
Down,2,31.76376,1.630751,4.223236,0.7889099,0.73703,3.7612
Down,2,32.00876,1.672209,4.309814,0.7393494,0.7759094,4.033112
Down,2,32.42508,1.755833,4.384125,0.6465149,0.7760315,4.209961
Down,2,33.01334,1.773597,4.437408,0.5645447,0.7737732,4.234528
Down,2,32.90549,1.692638,4.399933,0.4854736,0.7562256,4.218414
Down,2,32.77316,1.553051,4.277252,0.4811401,0.7991638,4.279388
Down,2,32.95813,1.524464,4.211182,0.4683228,0.8246155,4.319275
Down,2,33.1868,1.544135,4.241425,0.4269714,0.8129272,4.33667
Down,3,0,0,0,0,0,0
Down,3,0.1965942,-0.03500235,0.05422974,-0.02145386,0.02804565,0.01867676
Down,3,0.2550049,-0.04741389,0.07843018,-0.02685547,0.02005005,0.08966064
Down,3,0.3924866,-0.07110782,0.1183472,-0.0475769,0.009185791,0.09823608
Down,3,0.6888428,-0.03612623,0.1796875,-0.07904053,0.01742554,0.1161499
Down,3,0.8925476,0.0243859,0.2742004,-0.1188965,0.03805542,0.1130066
Down,3,1.087769,0.04728746,0.348114,-0.1419067,0.05383301,0.1520081
Down,3,1.463226,0.09133628,0.4249573,-0.1541748,0.07055664,0.1816406
Down,3,2.150024,0.1491155,0.4941711,-0.1764221,0.08746338,0.2105103
Down,3,3.180908,0.2461256,0.5186157,-0.2078552,0.08566284,0.2284241
Down,3,4.568024,0.3572287,0.4699707,-0.190979,0.09075928,0.2705688
Down,3,6.319183,0.5185672,0.6561584,-0.2208862,0.06124878,0.268219
Down,3,7.889404,0.7100532,0.8490295,-0.217804,0.04580688,0.2276306
Down,3,9.24234,0.7360002,0.9967651,-0.2339478,0.06185913,0.1753235
Down,3,11.28207,0.7901301,1.214935,-0.2400818,0.08270264,0.2565308
Down,3,13.74997,0.9150826,1.476013,-0.2331543,0.03796387,0.2978821
Down,3,16.08337,1.067443,1.797058,-0.1725159,0.05307007,0.4251099
Down,3,18.04507,1.084295,2.130066,-0.1555176,0.06304932,0.5999451
Down,3,19.30872,1.14135,2.553833,-0.1446838,0.09893799,0.7232361
Down,3,20.7774,1.185239,2.916504,-0.1138306,0.15448,0.8480835
Down,3,22.53809,1.395081,3.264465,-0.1610413,0.1684265,1.079132
Down,3,24.31274,1.507426,3.558136,-0.1774597,0.1629333,1.302399
Down,3,25.39069,1.52399,3.778076,-0.195282,0.1751099,1.545929
Down,3,26.68994,1.623952,3.9888,-0.2251892,0.2938232,1.819244
Down,3,28.34753,1.729043,4.240936,-0.35849,0.3000488,1.860199
Down,3,30.21628,1.890504,4.635712,-0.3621521,0.4542236,1.91095
Down,3,31.73495,1.939634,5.020813,-0.4492493,0.4938049,2.00647
Down,3,33.09607,1.919345,5.365662,-0.4868469,0.609436,2.391693
UpRight,1,0,0,0,0,0,0
UpRight,1,0.02197307,-0.04641813,-0.02832031,-0.02151489,-0.01193237,0.01867676
UpRight,1,0.01266915,-0.06527629,-0.03890991,-0.02151489,-0.04193115,0.01867676
UpRight,1,-0.08979112,-0.08004042,-0.006134033,-0.01077271,-0.05096436,0.009368896
UpRight,1,-0.1283557,-0.1177423,-0.02859497,-0.02911377,-0.06835938,-0.01254272
UpRight,1,-0.2174743,-0.1266202,-0.0446167,-0.03833008,-0.07705688,-0.02346802
UpRight,1,-0.2474052,-0.1166379,-0.04666138,-0.0574646,-0.09558105,-0.0352478
UpRight,1,-0.3877566,-0.1078598,-0.04623413,-0.0559082,-0.1033325,-0.05551147
UpRight,1,-0.5566899,-0.1067307,-0.06771851,0.01229858,-0.09674072,-0.02963257
UpRight,1,-0.635831,-0.1355647,-0.08303833,0.01229858,-0.1067505,-0.02963257
UpRight,1,-0.8426514,-0.1708839,-0.1369019,0.02224731,-0.1069031,-0.02883911
UpRight,1,-1.151276,-0.1396061,-0.1679382,0.01461792,-0.1333313,-0.06005859
UpRight,1,-1.340149,-0.08831678,-0.1907654,0.02615356,-0.1212463,-0.07949829
UpRight,1,-1.674622,0.01021588,-0.2833557,0.03695679,-0.1102905,-0.08886719
UpRight,1,-2.025604,0.2548053,-0.4271851,0.02539063,-0.1123657,-0.06939697
UpRight,1,-2.659729,0.5906528,-0.6805725,-0.6317749,-0.4964905,-0.5209045
UpRight,1,-3.425476,1.043882,-0.9136658,-0.02285767,-0.1192932,-0.09368896
UpRight,1,-4.287354,1.624094,-1.204315,0.05059814,-0.04968262,-0.006134033
UpRight,1,-5.215424,2.371366,-1.550781,0.09576416,-0.02728271,0.05871582
UpRight,1,-5.876038,3.280761,-1.990082,0.1257019,-0.027771,0.06112671
UpRight,1,-6.834778,4.304033,-2.462341,0.1096191,-0.04177856,0.00881958
UpRight,1,-7.939423,5.360614,-3.12912,0.1143188,-0.04498291,-0.05203247
UpRight,1,-8.704132,6.585062,-3.773193,0.08911133,-0.1177063,-0.1152649
UpRight,1,-9.747986,7.982315,-4.430817,-2.38736,-1.447205,-1.793335
UpRight,1,-10.87,9.263269,-5.107666,-0.1320496,-0.2677002,-0.3678589
UpRight,1,-11.77728,10.52474,-5.699158,0.2648621,-0.09143066,-0.1826477
UpRight,1,-12.95142,11.76431,-6.335388,0.3141785,-0.1185303,-0.3010864
UpRight,1,-14.17728,13.15736,-7.071533,0.3902283,-0.1106567,-0.3764954
UpRight,1,-14.82162,14.63389,-7.792267,0.47995,-0.1120911,-0.3692322
UpRight,1,-15.50473,16.44522,-8.641632,0.6011658,-0.1317444,-0.3797913
UpRight,1,-16.4957,18.33115,-9.39798,0.6893005,-0.1154175,-0.3522949
UpRight,1,-17.55316,19.97068,-10.07123,0.76828,-0.09780884,-0.3357239
UpRight,1,-18.54938,21.48401,-10.86606,0.9314575,-0.03942871,-0.2410583
UpRight,1,-18.90723,23.16966,-11.60257,1.108307,0.03970337,-0.06393433
UpRight,1,-19.41165,24.67789,-12.14783,1.254761,0.08294678,-0.01147461
UpRight,1,-20.20508,26.27708,-12.82681,1.280914,0.01168823,-0.09082031
UpRight,1,-20.71573,27.6981,-13.29288,0.9815369,-0.1954041,-0.3694458
UpRight,1,-21.03317,29.31708,-13.78156,1.462158,0.03607178,-0.2289124
UpRight,1,-21.43399,31.03303,-14.12399,1.581787,0.03433228,-0.2193298
UpRight,1,-22.10898,32.23339,-14.43375,1.683868,0.06628418,-0.2416382
UpRight,1,-23.02014,33.4486,-14.90555,1.795837,0.06808472,-0.2631531
UpRight,1,-23.87396,34.20662,-15.0192,1.883209,0.05349731,-0.225647
UpRight,1,-24.76364,34.74242,-15.17984,1.994965,0.0406189,-0.1150513
UpRight,1,-25.43787,35.09468,-15.17151,2.173676,0.0970459,-0.09063721
UpRight,1,-26.49298,34.9733,-15.17551,2.202209,0.1891174,-0.2001038
UpRight,1,-27.28171,34.88979,-15.23441,2.255981,0.2340393,-0.246582
UpRight,1,-27.82956,34.63225,-14.96155,2.34491,0.2417297,-0.2293396
UpRight,2,0,0,0,0,0,0
UpRight,2,-0.2601013,0.197035,-0.1571045,0.03222656,0.07293701,-0.02801514
UpRight,2,-0.5115356,0.4117752,-0.2938538,0.07055664,0.1100464,-0.004547119
UpRight,2,-0.7230225,0.6164471,-0.4279785,0.07208252,0.1123352,-0.02484131
UpRight,2,-0.904541,0.7710806,-0.5602112,-2.216736,-0.961853,-1.426117
UpRight,2,-1.147217,0.9835857,-0.6766968,-0.6513367,-0.265686,-0.5313721
UpRight,2,-1.546143,1.242545,-0.8539734,0.02999878,0.1044617,-0.1300659
UpRight,2,-2.049927,1.520343,-1.108948,0.1917114,0.2304993,-0.01535034
UpRight,2,-2.754822,2.083518,-1.498779,0.2438049,0.2382202,0.09063721
UpRight,2,-3.546356,2.74241,-1.936096,0.3396912,0.2910461,0.1491089
UpRight,2,-4.560547,3.784137,-2.481445,0.243042,0.1770935,0.100769
UpRight,2,-5.633972,4.967626,-3.033356,0.2138977,0.1387024,0.08825684
UpRight,2,-6.875275,6.421758,-3.752136,-0.5074463,-0.2209778,-0.3157349
UpRight,2,-8.143219,8.04173,-4.507233,-1.31427,-0.6225891,-0.7791138
UpRight,2,-9.084076,9.929551,-5.332336,-1.196472,-0.5718384,-0.6162415
UpRight,2,-10.21848,11.73355,-6.105011,-0.08285522,-0.003295898,0.03417969
UpRight,2,-11.26639,13.41589,-6.946014,0.2553406,0.1603699,0.07119751
UpRight,2,-12.4989,15.00453,-7.724579,0.3244324,0.1130981,-0.04556274
UpRight,2,-13.64136,16.49619,-8.612732,0.3291016,0.05990601,-0.1062927
UpRight,2,-14.37744,17.90214,-9.304474,0.4440613,0.1412964,-0.03607178
UpRight,2,-15.2265,19.34632,-9.957397,0.5391235,0.1730347,0.03256226
UpRight,2,-16.55634,20.47104,-10.61646,-1.806488,-0.9174194,-1.412445
UpRight,2,-17.39294,21.43975,-11.2847,0.5368958,0.1445007,-0.06942749
UpRight,2,-17.97607,22.52389,-11.85843,0.711731,0.2351074,0.005462646
UpRight,2,-18.88626,23.56877,-12.36246,0.8137207,0.2870483,-0.01699829
UpRight,2,-19.45197,24.64201,-13.01071,0.8583374,0.2981262,-0.2067261
UpRight,2,-19.9736,25.96649,-13.58337,0.9036865,0.2854614,-0.274353
UpRight,2,-20.68335,26.95578,-13.95865,0.9466858,0.3094177,-0.311615
UpRight,2,-21.34842,27.87008,-14.3829,1.00885,0.3519897,-0.3371887
UpRight,2,-21.85468,28.58449,-14.56216,1.086243,0.4074707,-0.3005066
UpRight,2,-22.6196,29.12096,-14.7702,1.127686,0.4091797,-0.3175659
UpRight,2,-23.23758,29.59111,-15.04706,1.156982,0.4223938,-0.4372253
UpRight,2,-23.8923,29.88403,-15.14078,1.160889,0.447998,-0.4877319
UpRight,2,-24.72141,30.17235,-15.30746,1.183228,0.4711304,-0.516449
UpRight,2,-25.3277,30.35555,-15.49222,1.203918,0.5019836,-0.5249634
UpRight,2,-25.86105,30.61801,-15.59586,1.221527,0.5183105,-0.493042
UpRight,2,-25.98615,30.58787,-15.5473,1.178711,0.4691467,-0.5879517
UpRight,2,-26.23578,30.62016,-15.56586,1.174225,0.4671021,-0.6594849
UpRight,2,-26.45844,30.5177,-15.54977,1.24115,0.4863892,-0.7456055
UpRight,2,-26.70288,30.40429,-15.51529,1.235901,0.5132446,-0.8070068
UpRight,2,-26.62625,29.93253,-15.25351,1.263458,0.5794678,-0.774292
UpRight,2,-26.52914,29.62227,-15.10526,1.205231,0.58255,-0.7993469
UpRight,2,-26.56512,29.39464,-14.93036,1.101074,0.4919128,-0.8788757
UpRight,2,-26.51147,29.1521,-14.74509,0.9686279,0.3939819,-0.9811096
UpRight,2,-26.33524,29.17915,-14.69318,0.9159851,0.3649292,-1.076965
UpRight,2,-26.5119,29.30939,-14.62924,0.8876648,0.357605,-1.099579
UpRight,2,-26.58002,29.26263,-14.5423,0.9398804,0.3702393,-1.125854
UpRight,2,-26.59521,29.34925,-14.59674,0.933075,0.4048462,-1.167114
UpRight,2,-26.99408,29.48988,-14.63235,0.9239197,0.4261169,-1.178009
UpRight,2,-26.99124,29.41323,-14.6637,0.9729614,0.5042725,-1.163879
UpRight,2,-27.23862,29.72096,-14.81912,0.9462585,0.519165,-1.206696
UpRight,2,-27.40866,29.86937,-14.82846,0.9287109,0.5027771,-1.238647
UpRight,2,-27.44238,30.16109,-15.01187,0.9287109,0.4928284,-1.238647
UpRight,3,0,0,0,0,0,0
UpRight,3,-0.1822095,0.1650391,0.02774048,0.01757813,0.006286621,0.03198242
UpRight,3,-0.4483807,0.2607422,-0.03942871,-0.5619507,-0.3067932,-0.2590027
UpRight,3,-0.8216959,0.3812256,-0.1534729,-0.003875732,-0.0256958,0.05065918
UpRight,3,-1.133148,0.4554443,-0.2934265,0.1011658,0.04580688,0.1201172
UpRight,3,-1.494446,0.6297607,-0.4368286,0.08355713,0.05950928,0.08816528
UpRight,3,-2.014679,0.8455505,-0.6009827,0.08816528,0.07635498,0.02734375
UpRight,3,-2.462372,1.156281,-0.8005066,0.05523682,0.07717896,-0.06698608
UpRight,3,-3.056946,1.562225,-1.050262,-0.01055908,-0.00112915,-0.2557068
UpRight,3,-3.871399,2.195801,-1.455658,-0.02813721,-0.04742432,-0.2876892
UpRight,3,-4.689941,2.929474,-1.942902,0.03012085,-0.0006408691,-0.2626343
UpRight,3,-5.664978,4.16568,-2.623596,0.08682251,0.02389526,-0.2173462
UpRight,3,-6.702148,5.706177,-3.684174,0.01626587,-0.04614258,-0.2127686
UpRight,3,-7.790955,7.776886,-4.833984,-0.4107361,-0.282074,-0.3999329
UpRight,3,-8.609314,10.34265,-6.210663,-0.1929626,-0.1478882,-0.3620605
UpRight,3,-9.038116,12.87537,-7.398438,-0.1745911,-0.1304932,-0.3401794
UpRight,3,-10.08185,14.84799,-8.396149,-2.431641,-1.306305,-1.628906
UpRight,3,-11.15762,16.44299,-9.594025,-3.161652,-1.652405,-2.039093
UpRight,3,-11.71756,17.68887,-10.45645,-0.5264587,-0.3544006,-0.4602356
UpRight,3,-12.30954,19.07092,-11.28293,-0.1417236,-0.1613159,-0.2457886
UpRight,3,-13.22495,20.38986,-11.95718,-0.03424072,-0.1315918,-0.3391418
UpRight,3,-13.83109,21.67877,-12.9426,0.01422119,-0.1397705,-0.4473877
UpRight,3,-14.84271,23.34912,-14.09204,0.1729431,-0.09341431,-0.4244995
UpRight,3,-15.98926,24.5943,-15.06464,0.245697,-0.0748291,-0.3269348
UpRight,3,-16.63138,25.49274,-15.93964,-1.260742,-0.8502808,-1.337128
UpRight,3,-17.32416,26.01764,-16.26675,0.3043213,-0.1183167,-0.5667725
UpRight,3,-18.21478,26.49057,-16.62576,0.4845581,-0.03994751,-0.5624695
UpRight,3,-18.96429,26.92114,-16.77576,0.5737,-0.04763794,-0.6775513
UpRight,3,-19.84439,27.30667,-17.03339,0.6138306,0.01654053,-0.8066406
UpRight,3,-20.74185,27.66595,-17.10803,0.6555786,0.07290649,-0.9559937
UpRight,3,-21.69504,27.81326,-17.23126,0.7424622,0.1817932,-1.040558
UpRight,3,-22.68503,28.21729,-17.39102,0.7994385,0.2611389,-1.127533
UpRight,3,-23.61313,28.83258,-17.46234,0.8400879,0.2616882,-1.13446
UpRight,3,-24.28284,29.3197,-17.71426,0.8149719,0.2287903,-1.19754
UpRight,3,-25.0827,30.24301,-17.97183,0.8097839,0.3056946,-1.259033
UpRight,3,-25.78589,31.08951,-18.08405,0.8604431,0.4160461,-1.265045
UpRight,3,-26.20764,32.14728,-18.30026,0.8261414,0.4544373,-1.339081
UpRight,3,-26.67105,33.30484,-18.39648,0.7834778,0.4352417,-1.434174
UpRight,3,-27.01114,34.1709,-18.52048,0.7675476,0.4610901,-1.486389
UpRight,3,-27.47052,35.23364,-18.659,0.7982483,0.4917603,-1.494049
UpRight,3,-27.79761,35.86227,-18.7088,0.8465271,0.5187988,-1.469757
Right,1,0,0,0,0,0,0
Right,1,0.02307129,-0.05400936,-0.0484131,-0.001556396,-0.02227783,0.02026367
Right,1,0.02435303,-0.04160425,-0.06828207,-0.003875732,-0.03567505,0.05065918
Right,1,0.01437378,-0.09161456,-0.06891316,-1.453552,-0.8092957,-0.791626
Right,1,0.005004883,-0.1003698,-0.07947904,-0.6699524,-0.4025269,-0.2884521
Right,1,0.07611084,-0.08809024,-0.09492695,0.06582642,-0.01174927,0.1887817
Right,1,0.1653137,-0.05938455,-0.07931083,-1.379333,-0.778656,-0.7139893
Right,1,0.1260376,-0.05813111,-0.09176892,-0.7657166,-0.4651489,-0.3472595
Right,1,0.06677246,-0.05684926,-0.1054921,-1.37619,-0.7841797,-0.7545776
Right,1,-0.1016235,-0.1442191,-0.1361086,-0.7059021,-0.446167,-0.3424377
Right,1,-0.2107849,-0.1928098,-0.1530041,0.1088257,-0.0078125,0.1513977
Right,1,-0.2513428,-0.2339692,-0.1455945,0.1302795,0.004150391,0.1327209
Right,1,-0.4110107,-0.2436529,-0.1557147,0.0927124,-0.0118103,0.09915161
Right,1,-0.4428406,-0.2772003,-0.1277798,0.008422852,-0.0524292,0.02105713
Right,1,-0.381073,-0.2837065,-0.1538171,0.0199585,-0.03033447,0.001586914
Right,1,-0.2032166,-0.1284264,-0.2722749,0.04144287,-0.01837158,-0.01708984
Right,1,0.01269531,0.08326241,-0.3582847,0.01229858,-0.03677368,-0.02963257
Right,1,0.07763672,0.3227836,-0.433928,0.03305054,-0.02593994,-0.03814697
Right,1,0.1026917,0.6423503,-0.5121125,0.04220581,-0.0272522,-0.02722168
Right,1,0.2201233,1.016552,-0.6242313,0.04376221,-0.01498413,-0.04751587
Right,1,0.3305054,1.664694,-0.9361438,0.0513916,-0.02853394,-0.01629639
Right,1,0.3745117,2.758721,-1.302124,0.0682373,-0.02337646,0.02581787
Right,1,0.283783,4.133269,-1.597321,0.0552063,-0.03778076,0.06555176
Right,1,0.3143311,5.799949,-1.904419,0.03445435,-0.04858398,0.07409668
Right,1,0.3922424,7.781744,-2.168396,-1.490234,-0.8540344,-0.8355408
Right,1,0.5174866,9.988714,-2.389252,-2.941742,-1.548615,-1.642822
Right,1,0.576416,12.35156,-2.664368,-2.927429,-1.486908,-1.569794
Right,1,0.5948792,15.29318,-2.932251,-3.140259,-1.553223,-1.669861
Right,1,0.5938416,18.00838,-3.06192,-1.692017,-0.8037109,-0.8214417
Right,1,0.6867981,20.57049,-3.244873,-3.059692,-1.433807,-1.673309
Right,1,0.7146912,23.63702,-3.641632,-3.110596,-1.410156,-1.790527
Right,1,0.3983154,26.45196,-3.703949,-1.685669,-0.6246643,-0.9028015
Right,1,0.2129211,29.44538,-3.916656,-0.3259888,0.2149353,0.0657959
Right,1,-0.03933716,32.22735,-4.034485,-0.2194214,0.3886108,0.1150818
Right,1,-0.1839905,34.67188,-4.254578,-0.1879578,0.550415,0.09716797
Right,1,-0.4837952,37.29365,-4.546051,-0.2124329,0.7188416,0.02383423
Right,1,-0.9196167,39.48547,-4.75769,-0.2177429,0.855835,-0.03781128
Right,1,-1.026733,41.48136,-5.075714,-0.1694641,0.9627075,-0.0135498
Right,1,-1.255127,43.12926,-5.242676,-0.1020203,1.058197,0.02243042
Right,1,-1.37558,44.66937,-5.511993,-0.04907227,1.231903,-0.01412964
Right,1,-1.486359,46.04345,-5.640442,-0.04891968,1.356842,-0.146698
Right,1,-1.377747,47.21674,-5.752502,0.004821777,1.511688,-0.1933899
Right,1,-1.315948,48.55471,-5.908142,-0.7782288,1.206696,-0.184845
Right,1,-1.343628,49.64821,-5.940277,-0.04656982,1.530212,-0.1770935
Right,1,-1.472504,50.87981,-5.959991,0.3744812,1.687012,-0.1739502
Right,1,-1.722565,51.99963,-5.968781,-0.001037598,1.622375,-0.3774109
Right,2,0,0,0,0,0,0
Right,2,0.01576304,0.3207703,-0.08838933,-0.02148438,0.008056641,0.01873779
Right,2,-0.01770794,0.6226501,-0.189923,0.0352478,0.02249146,0.0640564
Right,2,-0.06307662,0.8809509,-0.2624512,0.08126831,0.07598877,0.1187134
Right,2,-0.0578922,1.090485,-0.3415833,0.1196289,0.1030579,0.1421509
Right,2,-0.05399626,1.277618,-0.4009705,-0.9433899,-0.5682068,0.1395264
Right,2,-0.07070082,1.433594,-0.4517517,0.131134,0.2251587,0.1226501
Right,2,-0.1459658,1.551849,-0.5262756,0.1940002,0.3088074,0.08682251
Right,2,-0.2624377,1.667725,-0.5836792,0.1947937,0.3699341,0.07669067
Right,2,-0.3210014,1.830048,-0.6074219,0.1947937,0.3999329,0.07669067
Right,2,-0.3116769,1.968903,-0.5968628,0.217041,0.4530334,0.04782104
Right,2,-0.4075302,2.255981,-0.6628418,0.236969,0.5027466,0.04940796
Right,2,-0.5033726,2.683075,-0.7289124,0.2285461,0.5251465,0.02838135
Right,2,-0.5234329,3.390869,-0.879425,0.2216492,0.5398865,-0.01300049
Right,2,-0.6033079,4.478607,-1.034027,0.2132263,0.5223083,-0.0340271
Right,2,-0.6165997,6.168152,-1.283691,0.1856384,0.4961853,-0.06686401
Right,2,-0.8294067,8.389954,-1.397614,0.1657104,0.5065308,-0.06845093
Right,2,-0.9816589,10.58295,-1.517426,-0.2453918,0.2398376,-0.07049561
Right,2,-1.033234,13.32474,-1.789917,-1.315216,-0.5860291,-0.1151733
Right,2,-1.105316,15.86526,-2.053833,-0.2738037,0.337616,0.03952026
Right,2,-1.13562,18.40167,-2.195435,-0.05603027,0.5317078,0.07720947
Right,2,-1.24054,21.07993,-2.272491,-0.1948242,0.5951538,0.05599976
Right,2,-1.350281,22.24002,-2.280121,-0.2063293,0.6230469,0.07550049
Right,2,-1.465454,28.20465,-2.497498,-0.2354736,0.6346741,0.06298828
Right,2,-1.527863,30.68384,-2.75119,-0.223175,0.6679382,0.0333252
Right,2,-1.606079,33.11993,-2.636993,-0.2086487,0.7196045,0.105957
Right,2,-1.696991,34.33139,-2.483765,-0.1817932,0.7945251,0.1488953
Right,2,-1.900909,36.67099,-2.57782,-0.1595764,0.8476563,0.1200256
Right,2,-1.97168,38.76627,-2.712555,-0.1488342,0.9086304,0.1106873
Right,2,-2.017365,40.68332,-2.775665,-0.1488342,0.9986267,0.1106873
Right,2,-2.042389,42.58151,-2.847321,-0.1380615,1.109558,0.1013184
Right,2,-2.031006,44.46381,-2.866486,-0.1257935,1.21286,0.07168579
Right,2,-2.096466,46.19461,-2.791199,-0.131134,1.309845,0.01004028
Right,2,-2.13147,47.87283,-2.863586,-0.09967041,1.381653,-0.007904053
Right,2,-2.183594,49.4357,-2.977112,-0.2207947,1.396332,-0.1298218
Right,2,-2.242157,50.70441,-3.141083,-0.2192688,1.478607,-0.1500854
Right,2,-2.390411,51.69324,-3.311493,0.461731,1.757202,-0.004150391
Right,2,-2.413239,52.52103,-3.552979,0.07748413,1.710266,-0.0958252
Right,3,0,0,0,0,0,0
Right,3,0.00257507,0.2847862,-0.03960917,0.04760742,0.04071045,-0.09860229
Right,3,0.004508555,0.4683558,-0.0693159,0.06912231,-0.01739502,-0.1173401
Right,3,0.01706731,0.6031509,-0.1082741,0.04220581,-0.07730103,-0.02731323
Right,3,0.04090226,0.6603093,-0.1663818,0.04135132,-0.153595,0.1160278
Right,3,0.07407406,0.7762735,-0.2139282,0.0597229,-0.1562805,0.1380005
Right,3,0.07926226,0.8557996,-0.2931213,0.08425903,-0.1848755,0.2116394
Right,3,0.07123274,1.009386,-0.3234863,0.06433105,-0.179657,0.3432007
Right,3,0.06450787,1.24532,-0.3736267,0.1379089,-0.1052246,0.2979126
Right,3,0.03782994,1.621262,-0.4251099,0.1670532,-0.09692383,0.3104858
Right,3,0.0376581,2.439067,-0.5743103,0.2445679,-0.03674316,0.2142639
Right,3,0.0435631,3.529771,-0.6634216,0.2568359,0.006500244,0.1845093
Right,3,0.0508028,4.912816,-0.7723389,0.2676392,0.1025696,0.04205322
Right,3,-0.005104586,6.649906,-0.8357239,0.1786804,0.1254272,0.02462769
Right,3,0.06473964,8.489929,-0.8310547,0.08047485,0.1245117,0.1293945
Right,3,0.1624806,10.47418,-0.9438782,-0.01010132,0.1399536,0.265564
Right,3,0.1312207,12.7818,-0.9260559,-0.01620483,0.1958923,0.2138367
Right,3,0.2290112,14.90829,-0.8897095,0.01986694,0.2645264,0.1347961
Right,3,0.2230079,17.08539,-0.9497375,0.01760864,0.2861938,0.03216553
Right,3,0.1604719,19.12836,-1.063324,-0.05215454,0.2075195,0.02655029
Right,3,-0.05503507,21.40538,-1.137512,-0.0184021,0.2426758,-0.02197266
Right,3,-0.2399309,23.52362,-1.219604,-0.0859375,0.2223816,0.07504272
Right,3,-0.2637329,25.6219,-1.460114,-0.1434937,0.231842,0.1728821
Right,3,-0.37854,28.03779,-1.686951,-0.1994934,0.2135925,0.2503662
Right,3,-0.4862671,30.11134,-1.724182,-0.3053589,0.1711426,0.4571533
Right,3,-0.565155,32.18014,-1.888977,0.1793518,1.235992,0.5469971
Right,3,-0.763031,33.89015,-2.071991,0.2951355,1.308319,0.3411865
Right,3,-0.7165833,35.57819,-2.307953,-0.3345032,0.552887,0.4445801
Right,3,-0.8458557,37.36577,-2.466492,-0.2509155,0.5970764,0.4000244
Right,3,-0.979248,38.87637,-2.565552,-0.2731628,0.6940308,0.4289856
Right,3,-0.9966125,40.49733,-2.746246,0.8580933,2.129913,0.4575806
Right,3,-1.017426,41.83245,-2.87735,1.536041,2.848175,0.5111694
Right,3,-0.9711914,43.27286,-2.963837,1.625031,3.005493,0.5283508
Right,3,-1.092316,44.65065,-2.952484,1.68335,3.102203,0.5534058
Right,3,-1.068207,45.9638,-3.150269,1.639618,3.162231,0.4682312
Right,3,-1.181519,47.44435,-3.248169,1.646484,3.212524,0.3768921
Right,3,-1.284851,48.71488,-3.345367,1.626556,3.21286,0.3753357
Right,3,-1.309784,49.95299,-3.416992,0.3710632,2.731079,0.398407
Right,3,-1.410919,50.97699,-3.544067,1.460907,3.22641,0.4439392
Right,3,-1.583282,51.75879,-3.656342,2.472565,3.641907,0.5949097
Right,3,-1.711395,52.43742,-3.825409,2.102844,3.67157,0.443512
Up,1,0,0,0,0,0,0
Up,1,0.000628829,-0.008796573,-0.009872198,-0.00994873,-0.01983643,-0.000793457
Up,1,0.01870298,-0.002367973,0.02101421,-0.06900024,-0.1275635,-0.01577759
Up,1,0.03740954,-0.01473576,0.04202741,-0.2331238,-0.4014893,0.03259277
Up,1,0.03803658,-0.04353076,0.03215587,-0.02990723,-0.09945679,-0.002380371
Up,1,0.03866422,-0.06232661,0.02228457,-0.1004333,-0.1693115,0.002227783
Up,1,0.0280565,-0.08354717,0.03152102,-0.3980103,-0.6065369,0.09118652
Up,1,-0.05988121,-0.09010464,-0.00381285,-0.4501343,-0.6590576,0.1177979
Up,1,-0.09107399,-0.08256495,0.01402903,-0.368103,-0.4071045,0.09356689
Up,1,-0.239516,-0.07041359,-0.01524949,-0.3865051,-0.424408,0.07162476
Up,1,-0.516434,-0.05601281,-0.0725686,-0.4072266,-0.4251709,0.0802002
Up,1,-1.145658,-0.1386099,-0.2617106,-0.5896606,-0.811554,0.2398987
Up,1,-1.9487,-0.2199876,-0.552017,-0.6793213,-1.005066,0.3660889
Up,1,-2.811127,-0.298547,-0.6974244,-0.7436829,-1.010864,0.4224854
Up,1,-3.82254,-0.3447258,-0.862854,-0.657959,-0.9378967,0.2140198
Up,1,-5.005493,-0.4027185,-1.009979,-0.5997009,-0.9461365,0.1058655
Up,1,-6.292938,-0.4589802,-1.244843,-0.4179382,-0.8358154,-0.1767883
Up,1,-7.485779,-0.5234377,-1.393982,-0.4585876,-0.9761353,-0.1697998
Up,1,-8.726501,-0.5742623,-1.72879,-0.5398865,-1.182098,-0.02261353
Up,1,-9.93515,-0.6578779,-1.94165,-0.5997009,-1.250916,-0.02740479
Up,1,-11.27066,-0.7433648,-2.204987,-0.5835876,-1.076752,-0.241333
Up,1,-12.55026,-0.8144836,-2.40509,-0.4285583,-0.7464905,-0.4338074
Up,1,-13.92029,-0.8732605,-2.602661,-0.5489502,-0.925293,-0.4332581
Up,1,-15.30872,-0.7467308,-2.823669,-0.4614563,-0.8254089,-0.5286865
Up,1,-16.22379,-0.8058777,-2.930206,-0.2503967,-0.6120911,-0.6652527
Up,1,-19.61288,-0.834198,-3.364319,0.7730713,0.3181458,-0.9301147
Up,1,-20.83762,-0.7810974,-3.487854,0.3346863,0.001037598,-1.098724
Up,1,-23.02344,-0.637556,-3.781464,1.160004,0.5976563,-1.133698
Up,1,-25.01093,-0.4846252,-4.044373,1.75238,1.074799,-0.8815918
Up,1,-26.88129,-0.295423,-4.408417,2.691376,2.079193,0.3544922
Up,1,-28.86893,-0.08862042,-4.673248,0.0508728,-0.7684021,-3.332916
Up,1,-30.28806,0.1220339,-4.893921,-0.8191528,-1.121002,-3.859406
Up,1,-31.40427,0.2502328,-5.143951,0.650116,0.1283875,-2.177155
Up,1,-32.39297,0.2914639,-5.353058,-0.7181702,-0.7852478,-1.748962
Up,1,-33.17517,0.3194234,-5.502136,-1.433624,-1.99469,-2.845856
Up,2,0,0,0,0,0,0
Up,2,-0.06985474,-0.02993774,-0.004577637,0.01077271,0.0009155273,-0.009429932
Up,2,-0.02862549,-0.01757813,-0.02182007,0.01992798,-0.0004577637,0.001678467
Up,2,-0.06658936,-0.02398682,-0.05419922,0.07055664,0.01950073,-0.004394531
Up,2,-0.1550903,-0.001556396,-0.07992554,0.1004639,0.03875732,-0.00189209
Up,2,-0.1930542,0.04208374,-0.1123047,0.08499146,0.08096313,0.06893921
Up,2,-0.2023926,0.1232605,-0.1228638,0.07421875,0.08004761,0.07830811
Up,2,-0.3327637,0.1821899,-0.12146,0.07501221,0.1211853,0.06808472
Up,2,-0.6128235,0.1913452,-0.1298523,0.07421875,0.1300354,0.07830811
Up,2,-1.007385,0.2003174,-0.2255859,0.1048889,0.1404724,0.07058716
Up,2,-1.57959,0.2034607,-0.3631897,0.1072693,0.1739502,0.03988647
Up,2,-2.454498,0.289917,-0.6212463,0.0713501,0.1706238,-0.01464844
Up,2,-3.372498,0.4014893,-0.8328247,-0.0267334,0.1253357,-0.04348755
Up,2,-4.502594,0.4405212,-1.019226,-0.05743408,0.1048584,-0.03573608
Up,2,-5.45105,0.4734192,-1.224304,-0.06661987,0.09628296,-0.04684448
Up,2,-6.493927,0.4198303,-1.365967,-0.09649658,0.07696533,-0.04934692
Up,2,-7.723602,0.334259,-1.561584,-0.08337402,0.05133057,-0.08944702
Up,2,-8.772949,0.349762,-1.75589,-0.06106567,0.05429077,-0.1184998
Up,2,-9.677368,0.3365173,-1.869873,0.01028442,0.02493286,-0.1330872
Up,2,-10.68805,0.3318176,-2.042847,0.04733276,0.02456665,-0.2226563
Up,2,-11.53839,0.3673096,-2.215485,0.1003418,0.00793457,-0.2593689
Up,2,-12.56448,0.375824,-2.309509,0.1282349,-0.02108765,-0.3600159
Up,2,-13.59491,0.4155884,-2.486664,0.119873,-0.07855225,-0.3813171
Up,2,-14.51556,0.4847717,-2.656799,0.1159058,-0.1842651,-0.3301697
Up,2,-15.58145,0.6085205,-2.756409,0.1418152,-0.3907471,-0.2764587
Up,2,-16.60175,0.7227783,-2.936096,0.1761169,-0.5896912,-0.2015076
Up,2,-17.75516,0.8157654,-3.075623,0.1571045,-0.9072571,0.04406738
Up,2,-18.66983,0.9134216,-3.187592,0.2269592,-1.213379,0.4412231
Up,2,-19.80176,1.092224,-3.348877,0.8959656,0.2354736,-2.310486
Up,2,-20.69788,1.220062,-3.440826,1.073486,0.7489014,-3.003967
Up,2,-21.8981,1.319763,-3.485382,2.498291,-1.181244,-3.359131
Up,2,-22.9324,1.360077,-3.465271,2.758453,-1.452484,-3.469147
Up,2,-23.83994,1.372589,-3.393555,2.841309,-1.603027,-3.379791
Up,2,-24.84854,1.317322,-3.309662,2.869232,-1.699097,-3.233978
Up,2,-25.83429,1.268066,-3.266632,2.914795,-1.765564,-3.178711
Up,2,-27.02087,1.175812,-3.220642,2.702606,-1.601044,-2.920959
Up,2,-27.98447,1.063385,-3.209381,1.77533,-0.7684631,-2.017822
Up,2,-28.95587,0.8680725,-3.083008,0.7159424,0.1505737,-1.071564
Up,2,-29.84891,0.7872009,-3.078033,0.6272888,0.2799988,-0.9660034
Up,2,-30.54889,0.6062927,-2.960327,0.6704102,0.2536011,-1.003448
Up,2,-31.36493,0.4188232,-2.907104,0.713501,0.2071838,-1.040924
Up,3,0,0,0,0,0,0
Up,3,-0.228874,-0.03885312,-0.02480471,0.005401611,0.008148193,-0.07168579
Up,3,-0.4059199,-0.1040922,-0.07609981,0.02313232,0.01950073,-0.1732483
Up,3,-0.5536804,-0.1604966,-0.1155649,0.0569458,0.0145874,-0.2219543
Up,3,-0.7113953,-0.1669045,-0.1556988,0.04248047,0.02313232,-0.2952576
Up,3,-0.8890686,-0.1932453,-0.1971436,0.01647949,0.04962158,-0.3489075
Up,3,-1.056122,-0.1583708,-0.2478943,2.212341,1.135162,-0.4656372
Up,3,-1.373505,-0.1545037,-0.2985229,4.244843,2.104614,-0.5454102
Up,3,-1.751373,-0.1816202,-0.3432007,4.387573,2.146729,-0.5746765
Up,3,-2.245117,-0.2111816,-0.4554138,4.357666,2.137238,-0.5770874
Up,3,-3.124023,-0.2722168,-0.6532593,4.346893,2.116272,-0.567749
Up,3,-4.449921,-0.336792,-0.911499,4.273163,1.981812,-0.5226746
Up,3,-6.263214,-0.2336731,-1.223846,4.342743,2.015717,-0.3843079
Up,3,-8.095642,-0.2852478,-1.549896,4.392242,2.045013,-0.1148682
Up,3,-10.11737,-0.2902832,-1.891693,2.980286,1.238678,-0.9250183
Up,3,-12.19147,-0.2339783,-2.199829,3.066803,1.27243,-0.8769226
Up,3,-14.65091,-0.1789187,-2.590759,4.248352,1.94046,-0.3306885
Up,3,-16.82858,-0.03728642,-2.997803,4.315399,1.994537,-0.5498962
Up,3,-18.77289,0.03959763,-3.589355,4.361603,2.012878,-0.6278076
Up,3,-20.41724,0.03515363,-4.164124,4.737427,2.408478,-0.1688232
Up,3,-22.27213,0.09251796,-4.59552,3.816956,1.407227,-1.612549
Up,3,-24.09555,0.07050623,-4.904938,3.218628,0.8410339,-2.409668
Up,3,-25.52518,0.001536354,-5.111969,3.771942,1.160156,-2.178528
Up,3,-26.77521,-0.05029497,-5.306458,4.208649,1.568237,-1.743317
Up,3,-28.22827,-0.1164765,-5.469604,2.930969,0.7716675,-1.574127
Up,3,-29.33911,-0.2354736,-5.508972,1.984406,0.1673279,-1.530762
Up,3,-30.47302,-0.3186646,-5.648071,0.8643799,0.1051025,-1.83139
Up,3,-31.50558,-0.2011049,-5.80127,5.551819,2.863708,-1.977905
Up,3,-32.50595,-0.1183153,-5.985748,5.353943,2.542572,-2.137085
